,Apk,Class
0,permission0.png,1
1,permission1.png,1
2,permission2.png,1
3,permission3.png,1
4,permission4.png,1
5,permission5.png,1
6,permission6.png,1
7,permission7.png,1
8,permission8.png,1
9,permission9.png,1
10,permission10.png,1
11,permission11.png,1
12,permission12.png,1
13,permission13.png,1
14,permission14.png,1
15,permission15.png,1
16,permission16.png,1
17,permission17.png,1
18,permission18.png,1
19,permission19.png,1
20,permission20.png,1
21,permission21.png,1
22,permission22.png,1
23,permission23.png,1
24,permission24.png,1
25,permission25.png,1
26,permission26.png,1
27,permission27.png,1
28,permission28.png,1
29,permission29.png,1
30,permission30.png,1
31,permission31.png,1
32,permission32.png,1
33,permission33.png,1
34,permission34.png,1
35,permission35.png,1
36,permission36.png,1
37,permission37.png,1
38,permission38.png,1
39,permission39.png,1
40,permission40.png,1
41,permission41.png,1
42,permission42.png,1
43,permission43.png,1
44,permission44.png,1
45,permission45.png,1
46,permission46.png,1
47,permission47.png,1
48,permission48.png,1
49,permission49.png,1
50,permission50.png,1
51,permission51.png,1
52,permission52.png,1
53,permission53.png,1
54,permission54.png,1
55,permission55.png,1
56,permission56.png,1
57,permission57.png,1
58,permission58.png,1
59,permission59.png,1
60,permission60.png,1
61,permission61.png,1
62,permission62.png,1
63,permission63.png,1
64,permission64.png,1
65,permission65.png,1
66,permission66.png,1
67,permission67.png,1
68,permission68.png,1
69,permission69.png,1
70,permission70.png,1
71,permission71.png,1
72,permission72.png,1
73,permission73.png,1
74,permission74.png,1
75,permission75.png,1
76,permission76.png,1
77,permission77.png,1
78,permission78.png,1
79,permission79.png,1
80,permission80.png,1
81,permission81.png,1
82,permission82.png,1
83,permission83.png,1
84,permission84.png,1
85,permission85.png,1
86,permission86.png,1
87,permission87.png,1
88,permission88.png,1
89,permission89.png,1
90,permission90.png,1
91,permission91.png,1
92,permission92.png,1
93,permission93.png,1
94,permission94.png,1
95,permission95.png,1
96,permission96.png,1
97,permission97.png,1
98,permission98.png,1
99,permission99.png,1
100,permission100.png,1
101,permission101.png,1
102,permission102.png,1
103,permission103.png,1
104,permission104.png,1
105,permission105.png,1
106,permission106.png,1
107,permission107.png,1
108,permission108.png,1
109,permission109.png,1
110,permission110.png,1
111,permission111.png,1
112,permission112.png,1
113,permission113.png,1
114,permission114.png,1
115,permission115.png,1
116,permission116.png,1
117,permission117.png,1
118,permission118.png,1
119,permission119.png,1
120,permission120.png,1
121,permission121.png,1
122,permission122.png,1
123,permission123.png,1
124,permission124.png,1
125,permission125.png,1
126,permission126.png,1
127,permission127.png,1
128,permission128.png,1
129,permission129.png,1
130,permission130.png,1
131,permission131.png,1
132,permission132.png,1
133,permission133.png,1
134,permission134.png,1
135,permission135.png,1
136,permission136.png,1
137,permission137.png,1
138,permission138.png,1
139,permission139.png,1
140,permission140.png,1
141,permission141.png,1
142,permission142.png,1
143,permission143.png,1
144,permission144.png,1
145,permission145.png,1
146,permission146.png,1
147,permission147.png,1
148,permission148.png,1
149,permission149.png,1
150,permission150.png,1
151,permission151.png,1
152,permission152.png,1
153,permission153.png,1
154,permission154.png,1
155,permission155.png,1
156,permission156.png,1
157,permission157.png,1
158,permission158.png,1
159,permission159.png,1
160,permission160.png,1
161,permission161.png,1
162,permission162.png,1
163,permission163.png,1
164,permission164.png,1
165,permission165.png,1
166,permission166.png,1
167,permission167.png,1
168,permission168.png,1
169,permission169.png,1
170,permission170.png,1
171,permission171.png,1
172,permission172.png,1
173,permission173.png,1
174,permission174.png,1
175,permission175.png,1
176,permission176.png,1
177,permission177.png,1
178,permission178.png,1
179,permission179.png,1
180,permission180.png,1
181,permission181.png,1
182,permission182.png,1
183,permission183.png,1
184,permission184.png,1
185,permission185.png,1
186,permission186.png,1
187,permission187.png,1
188,permission188.png,1
189,permission189.png,1
190,permission190.png,1
191,permission191.png,1
192,permission192.png,1
193,permission193.png,1
194,permission194.png,1
195,permission195.png,1
196,permission196.png,1
197,permission197.png,1
198,permission198.png,1
199,permission199.png,1
200,permission200.png,1
201,permission201.png,1
202,permission202.png,1
203,permission203.png,1
204,permission204.png,1
205,permission205.png,1
206,permission206.png,1
207,permission207.png,1
208,permission208.png,1
209,permission209.png,1
210,permission210.png,1
211,permission211.png,1
212,permission212.png,1
213,permission213.png,1
214,permission214.png,1
215,permission215.png,1
216,permission216.png,1
217,permission217.png,1
218,permission218.png,1
219,permission219.png,1
220,permission220.png,1
221,permission221.png,1
222,permission222.png,1
223,permission223.png,1
224,permission224.png,1
225,permission225.png,1
226,permission226.png,1
227,permission227.png,1
228,permission228.png,1
229,permission229.png,1
230,permission230.png,1
231,permission231.png,1
232,permission232.png,1
233,permission233.png,1
234,permission234.png,1
235,permission235.png,1
236,permission236.png,1
237,permission237.png,1
238,permission238.png,1
239,permission239.png,1
240,permission240.png,1
241,permission241.png,1
242,permission242.png,1
243,permission243.png,1
244,permission244.png,1
245,permission245.png,1
246,permission246.png,1
247,permission247.png,1
248,permission248.png,1
249,permission249.png,1
250,permission250.png,1
251,permission251.png,1
252,permission252.png,1
253,permission253.png,1
254,permission254.png,1
255,permission255.png,1
256,permission256.png,1
257,permission257.png,1
258,permission258.png,1
259,permission259.png,1
260,permission260.png,1
261,permission261.png,1
262,permission262.png,1
263,permission263.png,1
264,permission264.png,1
265,permission265.png,1
266,permission266.png,1
267,permission267.png,1
268,permission268.png,1
269,permission269.png,1
270,permission270.png,1
271,permission271.png,1
272,permission272.png,1
273,permission273.png,1
274,permission274.png,1
275,permission275.png,1
276,permission276.png,1
277,permission277.png,1
278,permission278.png,1
279,permission279.png,1
280,permission280.png,1
281,permission281.png,1
282,permission282.png,1
283,permission283.png,1
284,permission284.png,1
285,permission285.png,1
286,permission286.png,1
287,permission287.png,1
288,permission288.png,1
289,permission289.png,1
290,permission290.png,1
291,permission291.png,1
292,permission292.png,1
293,permission293.png,1
294,permission294.png,1
295,permission295.png,1
296,permission296.png,1
297,permission297.png,1
298,permission298.png,1
299,permission299.png,1
300,permission300.png,1
301,permission301.png,1
302,permission302.png,1
303,permission303.png,1
304,permission304.png,1
305,permission305.png,1
306,permission306.png,1
307,permission307.png,1
308,permission308.png,1
309,permission309.png,1
310,permission310.png,1
311,permission311.png,1
312,permission312.png,1
313,permission313.png,1
314,permission314.png,1
315,permission315.png,1
316,permission316.png,1
317,permission317.png,1
318,permission318.png,1
319,permission319.png,1
320,permission320.png,1
321,permission321.png,1
322,permission322.png,1
323,permission323.png,1
324,permission324.png,1
325,permission325.png,1
326,permission326.png,1
327,permission327.png,1
328,permission328.png,1
329,permission329.png,1
330,permission330.png,1
331,permission331.png,1
332,permission332.png,1
333,permission333.png,1
334,permission334.png,1
335,permission335.png,1
336,permission336.png,1
337,permission337.png,1
338,permission338.png,1
339,permission339.png,1
340,permission340.png,1
341,permission341.png,1
342,permission342.png,1
343,permission343.png,1
344,permission344.png,1
345,permission345.png,1
346,permission346.png,1
347,permission347.png,1
348,permission348.png,1
349,permission349.png,1
350,permission350.png,1
351,permission351.png,1
352,permission352.png,1
353,permission353.png,1
354,permission354.png,1
355,permission355.png,1
356,permission356.png,1
357,permission357.png,1
358,permission358.png,1
359,permission359.png,1
360,permission360.png,1
361,permission361.png,1
362,permission362.png,1
363,permission363.png,1
364,permission364.png,1
365,permission365.png,1
366,permission366.png,1
367,permission367.png,1
368,permission368.png,1
369,permission369.png,1
370,permission370.png,1
371,permission371.png,1
372,permission372.png,1
373,permission373.png,1
374,permission374.png,1
375,permission375.png,1
376,permission376.png,1
377,permission377.png,1
378,permission378.png,1
379,permission379.png,1
380,permission380.png,1
381,permission381.png,1
382,permission382.png,1
383,permission383.png,1
384,permission384.png,1
385,permission385.png,1
386,permission386.png,1
387,permission387.png,1
388,permission388.png,1
389,permission389.png,1
390,permission390.png,1
391,permission391.png,1
392,permission392.png,1
393,permission393.png,1
394,permission394.png,1
395,permission395.png,1
396,permission396.png,1
397,permission397.png,1
398,permission398.png,1
399,permission399.png,1
400,permission400.png,1
401,permission401.png,1
402,permission402.png,1
403,permission403.png,1
404,permission404.png,1
405,permission405.png,1
406,permission406.png,1
407,permission407.png,1
408,permission408.png,1
409,permission409.png,1
410,permission410.png,1
411,permission411.png,1
412,permission412.png,1
413,permission413.png,1
414,permission414.png,1
415,permission415.png,1
416,permission416.png,1
417,permission417.png,1
418,permission418.png,1
419,permission419.png,1
420,permission420.png,1
421,permission421.png,1
422,permission422.png,1
423,permission423.png,1
424,permission424.png,1
425,permission425.png,1
426,permission426.png,1
427,permission427.png,1
428,permission428.png,1
429,permission429.png,1
430,permission430.png,1
431,permission431.png,1
432,permission432.png,1
433,permission433.png,1
434,permission434.png,1
435,permission435.png,1
436,permission436.png,1
437,permission437.png,1
438,permission438.png,1
439,permission439.png,1
440,permission440.png,1
441,permission441.png,1
442,permission442.png,1
443,permission443.png,1
444,permission444.png,1
445,permission445.png,1
446,permission446.png,1
447,permission447.png,1
448,permission448.png,1
449,permission449.png,1
450,permission450.png,1
451,permission451.png,1
452,permission452.png,1
453,permission453.png,1
454,permission454.png,1
455,permission455.png,1
456,permission456.png,1
457,permission457.png,1
458,permission458.png,1
459,permission459.png,1
460,permission460.png,1
461,permission461.png,1
462,permission462.png,1
463,permission463.png,1
464,permission464.png,1
465,permission465.png,1
466,permission466.png,1
467,permission467.png,1
468,permission468.png,1
469,permission469.png,1
470,permission470.png,1
471,permission471.png,1
472,permission472.png,1
473,permission473.png,1
474,permission474.png,1
475,permission475.png,1
476,permission476.png,1
477,permission477.png,1
478,permission478.png,1
479,permission479.png,1
480,permission480.png,1
481,permission481.png,1
482,permission482.png,1
483,permission483.png,1
484,permission484.png,1
485,permission485.png,1
486,permission486.png,1
487,permission487.png,1
488,permission488.png,1
489,permission489.png,1
490,permission490.png,1
491,permission491.png,1
492,permission492.png,1
493,permission493.png,1
494,permission494.png,1
495,permission495.png,1
496,permission496.png,1
497,permission497.png,1
498,permission498.png,0
499,permission499.png,0
500,permission500.png,0
501,permission501.png,0
502,permission502.png,0
503,permission503.png,0
504,permission504.png,0
505,permission505.png,0
506,permission506.png,0
507,permission507.png,0
508,permission508.png,0
509,permission509.png,0
510,permission510.png,0
511,permission511.png,0
512,permission512.png,0
513,permission513.png,0
514,permission514.png,0
515,permission515.png,0
516,permission516.png,0
517,permission517.png,0
518,permission518.png,0
519,permission519.png,0
520,permission520.png,0
521,permission521.png,0
522,permission522.png,0
523,permission523.png,0
524,permission524.png,0
525,permission525.png,0
526,permission526.png,0
527,permission527.png,0
528,permission528.png,0
529,permission529.png,0
530,permission530.png,0
531,permission531.png,0
532,permission532.png,0
533,permission533.png,0
534,permission534.png,0
535,permission535.png,0
536,permission536.png,0
537,permission537.png,0
538,permission538.png,0
539,permission539.png,0
540,permission540.png,0
541,permission541.png,0
542,permission542.png,0
543,permission543.png,0
544,permission544.png,0
545,permission545.png,0
546,permission546.png,0
547,permission547.png,0
548,permission548.png,0
549,permission549.png,0
550,permission550.png,0
551,permission551.png,0
552,permission552.png,0
553,permission553.png,0
554,permission554.png,0
555,permission555.png,0
556,permission556.png,0
557,permission557.png,0
558,permission558.png,0
559,permission559.png,0
560,permission560.png,0
561,permission561.png,0
562,permission562.png,0
563,permission563.png,0
564,permission564.png,0
565,permission565.png,0
566,permission566.png,0
567,permission567.png,0
568,permission568.png,0
569,permission569.png,0
570,permission570.png,0
571,permission571.png,0
572,permission572.png,0
573,permission573.png,0
574,permission574.png,0
575,permission575.png,0
576,permission576.png,0
577,permission577.png,0
578,permission578.png,0
579,permission579.png,0
580,permission580.png,0
581,permission581.png,0
582,permission582.png,0
583,permission583.png,0
584,permission584.png,0
585,permission585.png,0
586,permission586.png,0
587,permission587.png,0
588,permission588.png,0
589,permission589.png,0
590,permission590.png,0
591,permission591.png,0
592,permission592.png,0
593,permission593.png,0
594,permission594.png,0
595,permission595.png,0
596,permission596.png,0
597,permission597.png,0
598,permission598.png,0
599,permission599.png,0
600,permission600.png,0
601,permission601.png,0
602,permission602.png,0
603,permission603.png,0
604,permission604.png,0
605,permission605.png,0
606,permission606.png,0
607,permission607.png,0
608,permission608.png,0
609,permission609.png,0
610,permission610.png,0
611,permission611.png,0
612,permission612.png,0
613,permission613.png,0
614,permission614.png,0
615,permission615.png,0
616,permission616.png,0
617,permission617.png,0
618,permission618.png,0
619,permission619.png,0
620,permission620.png,0
621,permission621.png,0
622,permission622.png,0
623,permission623.png,0
624,permission624.png,0
625,permission625.png,0
626,permission626.png,0
627,permission627.png,0
628,permission628.png,0
629,permission629.png,0
630,permission630.png,0
631,permission631.png,0
632,permission632.png,0
633,permission633.png,0
634,permission634.png,0
635,permission635.png,0
636,permission636.png,0
637,permission637.png,0
638,permission638.png,0
639,permission639.png,0
640,permission640.png,0
641,permission641.png,0
642,permission642.png,0
643,permission643.png,0
644,permission644.png,0
645,permission645.png,0
646,permission646.png,0
647,permission647.png,0
648,permission648.png,0
649,permission649.png,0
650,permission650.png,0
651,permission651.png,0
652,permission652.png,0
653,permission653.png,0
654,permission654.png,0
655,permission655.png,0
656,permission656.png,0
657,permission657.png,0
658,permission658.png,0
659,permission659.png,0
660,permission660.png,0
661,permission661.png,0
662,permission662.png,0
663,permission663.png,0
664,permission664.png,0
665,permission665.png,0
666,permission666.png,0
667,permission667.png,0
668,permission668.png,0
669,permission669.png,0
670,permission670.png,0
671,permission671.png,0
672,permission672.png,0
673,permission673.png,0
674,permission674.png,0
675,permission675.png,0
676,permission676.png,0
677,permission677.png,0
678,permission678.png,0
679,permission679.png,0
680,permission680.png,0
681,permission681.png,0
682,permission682.png,0
683,permission683.png,0
684,permission684.png,0
685,permission685.png,0
686,permission686.png,0
687,permission687.png,0
688,permission688.png,0
689,permission689.png,0
690,permission690.png,0
691,permission691.png,0
692,permission692.png,0
693,permission693.png,0
694,permission694.png,0
695,permission695.png,0
696,permission696.png,0
697,permission697.png,0
698,permission698.png,0
699,permission699.png,0
700,permission700.png,0
701,permission701.png,0
702,permission702.png,0
703,permission703.png,0
704,permission704.png,0
705,permission705.png,0
706,permission706.png,0
707,permission707.png,0
708,permission708.png,0
709,permission709.png,0
710,permission710.png,0
711,permission711.png,0
712,permission712.png,0
713,permission713.png,0
714,permission714.png,0
715,permission715.png,0
716,permission716.png,0
717,permission717.png,0
718,permission718.png,0
719,permission719.png,0
720,permission720.png,0
721,permission721.png,0
722,permission722.png,0
723,permission723.png,0
724,permission724.png,0
725,permission725.png,0
726,permission726.png,0
727,permission727.png,0
728,permission728.png,0
729,permission729.png,0
730,permission730.png,0
731,permission731.png,0
732,permission732.png,0
733,permission733.png,0
734,permission734.png,0
735,permission735.png,0
736,permission736.png,0
737,permission737.png,0
738,permission738.png,0
739,permission739.png,0
740,permission740.png,0
741,permission741.png,0
742,permission742.png,0
743,permission743.png,0
744,permission744.png,0
745,permission745.png,0
746,permission746.png,0
747,permission747.png,0
748,permission748.png,0
749,permission749.png,0
750,permission750.png,0
751,permission751.png,0
752,permission752.png,0
753,permission753.png,0
754,permission754.png,0
755,permission755.png,0
756,permission756.png,0
757,permission757.png,0
758,permission758.png,0
759,permission759.png,0
760,permission760.png,0
761,permission761.png,0
762,permission762.png,0
763,permission763.png,0
764,permission764.png,0
765,permission765.png,0
766,permission766.png,0
767,permission767.png,0
768,permission768.png,0
769,permission769.png,0
770,permission770.png,0
771,permission771.png,0
772,permission772.png,0
773,permission773.png,0
774,permission774.png,0
775,permission775.png,0
776,permission776.png,0
777,permission777.png,0
778,permission778.png,0
779,permission779.png,0
780,permission780.png,0
781,permission781.png,0
782,permission782.png,0
783,permission783.png,0
784,permission784.png,0
785,permission785.png,0
786,permission786.png,0
787,permission787.png,0
788,permission788.png,0
789,permission789.png,0
790,permission790.png,0
791,permission791.png,0
792,permission792.png,0
793,permission793.png,0
794,permission794.png,0
795,permission795.png,0
796,permission796.png,0
797,permission797.png,0
798,permission798.png,0
799,permission799.png,0
800,permission800.png,0
801,permission801.png,0
802,permission802.png,0
803,permission803.png,0
804,permission804.png,0
805,permission805.png,0
806,permission806.png,0
807,permission807.png,0
808,permission808.png,0
809,permission809.png,0
810,permission810.png,0
811,permission811.png,0
812,permission812.png,0
813,permission813.png,0
814,permission814.png,0
815,permission815.png,0
816,permission816.png,0
817,permission817.png,0
818,permission818.png,0
819,permission819.png,0
820,permission820.png,0
821,permission821.png,0
822,permission822.png,0
823,permission823.png,0
824,permission824.png,0
825,permission825.png,0
826,permission826.png,0
827,permission827.png,0
828,permission828.png,0
829,permission829.png,0
830,permission830.png,0
831,permission831.png,0
832,permission832.png,0
833,permission833.png,0
834,permission834.png,0
835,permission835.png,0
836,permission836.png,0
837,permission837.png,0
838,permission838.png,0
839,permission839.png,0
840,permission840.png,0
841,permission841.png,0
842,permission842.png,0
843,permission843.png,0
844,permission844.png,0
845,permission845.png,0
846,permission846.png,0
847,permission847.png,0
848,permission848.png,0
849,permission849.png,0
850,permission850.png,0
851,permission851.png,0
852,permission852.png,0
853,permission853.png,0
854,permission854.png,0
855,permission855.png,0
856,permission856.png,0
857,permission857.png,0
858,permission858.png,0
859,permission859.png,0
860,permission860.png,0
861,permission861.png,0
862,permission862.png,0
863,permission863.png,0
864,permission864.png,0
865,permission865.png,0
866,permission866.png,0
867,permission867.png,0
868,permission868.png,0
869,permission869.png,0
870,permission870.png,0
871,permission871.png,0
872,permission872.png,0
873,permission873.png,0
874,permission874.png,0
875,permission875.png,0
876,permission876.png,0
877,permission877.png,0
878,permission878.png,0
879,permission879.png,0
880,permission880.png,0
881,permission881.png,0
882,permission882.png,0
883,permission883.png,0
884,permission884.png,0
885,permission885.png,0
886,permission886.png,0
887,permission887.png,0
888,permission888.png,0
889,permission889.png,0
890,permission890.png,0
891,permission891.png,0
892,permission892.png,0
893,permission893.png,0
894,permission894.png,0
895,permission895.png,0
896,permission896.png,0
897,permission897.png,0
898,permission898.png,0
899,permission899.png,0
900,permission900.png,0
901,permission901.png,0
902,permission902.png,0
903,permission903.png,0
904,permission904.png,0
905,permission905.png,0
906,permission906.png,0
907,permission907.png,0
908,permission908.png,0
909,permission909.png,0
910,permission910.png,0
911,permission911.png,0
912,permission912.png,0
913,permission913.png,0
914,permission914.png,0
915,permission915.png,0
916,permission916.png,0
917,permission917.png,0
918,permission918.png,0
919,permission919.png,0
920,permission920.png,0
921,permission921.png,0
922,permission922.png,0
923,permission923.png,0
924,permission924.png,0
925,permission925.png,0
926,permission926.png,0
927,permission927.png,0
928,permission928.png,0
929,permission929.png,0
930,permission930.png,0
931,permission931.png,0
932,permission932.png,0
933,permission933.png,0
934,permission934.png,0
935,permission935.png,0
936,permission936.png,0
937,permission937.png,0
938,permission938.png,0
939,permission939.png,0
940,permission940.png,0
941,permission941.png,0
942,permission942.png,0
943,permission943.png,0
944,permission944.png,0
945,permission945.png,0
946,permission946.png,0
947,permission947.png,0
948,permission948.png,0
949,permission949.png,0
950,permission950.png,0
951,permission951.png,0
952,permission952.png,0
953,permission953.png,0
954,permission954.png,0
955,permission955.png,0
956,permission956.png,0
957,permission957.png,0
958,permission958.png,0
959,permission959.png,0
960,permission960.png,0
961,permission961.png,0
962,permission962.png,0
963,permission963.png,0
964,permission964.png,0
965,permission965.png,0
966,permission966.png,0
967,permission967.png,0
968,permission968.png,0
969,permission969.png,0
970,permission970.png,0
971,permission971.png,0
972,permission972.png,0
973,permission973.png,0
974,permission974.png,0
975,permission975.png,0
976,permission976.png,0
977,permission977.png,0
978,permission978.png,0
979,permission979.png,0
980,permission980.png,0
981,permission981.png,0
982,permission982.png,0
983,permission983.png,0
984,permission984.png,0
985,permission985.png,0
986,permission986.png,0
987,permission987.png,0
988,permission988.png,0
989,permission989.png,0
990,permission990.png,0
991,permission991.png,0
992,permission992.png,0
993,permission993.png,0
994,permission994.png,0
995,permission995.png,0
996,permission996.png,0
997,permission997.png,0
998,permission998.png,0
999,permission999.png,0
1000,permission1000.png,0
1001,permission1001.png,0
1002,permission1002.png,0
1003,permission1003.png,0
1004,permission1004.png,0
1005,permission1005.png,0
1006,permission1006.png,0
1007,permission1007.png,0
1008,permission1008.png,0
1009,permission1009.png,0
1010,permission1010.png,0
1011,permission1011.png,0
1012,permission1012.png,0
1013,permission1013.png,0
1014,permission1014.png,0
1015,permission1015.png,0
1016,permission1016.png,0
1017,permission1017.png,0
1018,permission1018.png,0
1019,permission1019.png,0
1020,permission1020.png,0
1021,permission1021.png,0
1022,permission1022.png,0
1023,permission1023.png,0
1024,permission1024.png,0
1025,permission1025.png,0
1026,permission1026.png,0
1027,permission1027.png,0
1028,permission1028.png,0
1029,permission1029.png,0
1030,permission1030.png,0
1031,permission1031.png,0
1032,permission1032.png,0
1033,permission1033.png,0
1034,permission1034.png,0
1035,permission1035.png,0
1036,permission1036.png,0
1037,permission1037.png,0
1038,permission1038.png,0
1039,permission1039.png,0
1040,permission1040.png,0
1041,permission1041.png,0
1042,permission1042.png,0
1043,permission1043.png,0
1044,permission1044.png,0
1045,permission1045.png,0
1046,permission1046.png,0
1047,permission1047.png,0
1048,permission1048.png,0
1049,permission1049.png,0
1050,permission1050.png,0
1051,permission1051.png,0
1052,permission1052.png,0
1053,permission1053.png,0
1054,permission1054.png,0
1055,permission1055.png,0
1056,permission1056.png,0
1057,permission1057.png,0
1058,permission1058.png,0
1059,permission1059.png,0
1060,permission1060.png,0
1061,permission1061.png,0
1062,permission1062.png,0
1063,permission1063.png,0
1064,permission1064.png,0
1065,permission1065.png,0
1066,permission1066.png,0
1067,permission1067.png,0
1068,permission1068.png,0
1069,permission1069.png,0
1070,permission1070.png,0
1071,permission1071.png,0
1072,permission1072.png,0
1073,permission1073.png,0
1074,permission1074.png,0
1075,permission1075.png,0
1076,permission1076.png,0
1077,permission1077.png,0
1078,permission1078.png,0
1079,permission1079.png,0
1080,permission1080.png,0
1081,permission1081.png,0
1082,permission1082.png,0
1083,permission1083.png,0
1084,permission1084.png,0
1085,permission1085.png,0
1086,permission1086.png,0
1087,permission1087.png,0
1088,permission1088.png,0
1089,permission1089.png,0
1090,permission1090.png,0
1091,permission1091.png,0
1092,permission1092.png,0
1093,permission1093.png,0
1094,permission1094.png,0
1095,permission1095.png,0
1096,permission1096.png,0
1097,permission1097.png,0
1098,permission1098.png,0
1099,permission1099.png,0
1100,permission1100.png,0
1101,permission1101.png,0
1102,permission1102.png,0
1103,permission1103.png,0
1104,permission1104.png,0
1105,permission1105.png,0
1106,permission1106.png,0
1107,permission1107.png,0
1108,permission1108.png,0
1109,permission1109.png,0
1110,permission1110.png,0
1111,permission1111.png,0
1112,permission1112.png,0
1113,permission1113.png,0
1114,permission1114.png,0
1115,permission1115.png,0
1116,permission1116.png,0
1117,permission1117.png,0
1118,permission1118.png,0
1119,permission1119.png,0
1120,permission1120.png,0
1121,permission1121.png,0
1122,permission1122.png,0
1123,permission1123.png,0
1124,permission1124.png,0
1125,permission1125.png,0
1126,permission1126.png,0
1127,permission1127.png,0
1128,permission1128.png,0
1129,permission1129.png,0
1130,permission1130.png,0
1131,permission1131.png,0
1132,permission1132.png,0
1133,permission1133.png,0
1134,permission1134.png,0
1135,permission1135.png,0
1136,permission1136.png,0
1137,permission1137.png,0
1138,permission1138.png,0
1139,permission1139.png,0
1140,permission1140.png,0
1141,permission1141.png,0
1142,permission1142.png,0
1143,permission1143.png,0
1144,permission1144.png,0
1145,permission1145.png,0
1146,permission1146.png,0
1147,permission1147.png,0
1148,permission1148.png,0
1149,permission1149.png,0
1150,permission1150.png,0
1151,permission1151.png,0
1152,permission1152.png,0
1153,permission1153.png,0
1154,permission1154.png,0
1155,permission1155.png,0
1156,permission1156.png,0
1157,permission1157.png,0
1158,permission1158.png,0
1159,permission1159.png,0
1160,permission1160.png,0
1161,permission1161.png,0
1162,permission1162.png,0
1163,permission1163.png,0
1164,permission1164.png,0
1165,permission1165.png,0
1166,permission1166.png,0
1167,permission1167.png,0
1168,permission1168.png,0
1169,permission1169.png,0
1170,permission1170.png,0
1171,permission1171.png,0
1172,permission1172.png,0
1173,permission1173.png,0
1174,permission1174.png,0
1175,permission1175.png,0
1176,permission1176.png,0
1177,permission1177.png,0
1178,permission1178.png,0
1179,permission1179.png,0
1180,permission1180.png,0
1181,permission1181.png,0
1182,permission1182.png,0
1183,permission1183.png,0
1184,permission1184.png,0
1185,permission1185.png,0
1186,permission1186.png,0
1187,permission1187.png,0
1188,permission1188.png,0
1189,permission1189.png,0
1190,permission1190.png,0
1191,permission1191.png,0
1192,permission1192.png,0
1193,permission1193.png,0
1194,permission1194.png,0
1195,permission1195.png,0
1196,permission1196.png,0
1197,permission1197.png,0
1198,permission1198.png,0
1199,permission1199.png,0
1200,permission1200.png,0
1201,permission1201.png,0
1202,permission1202.png,0
1203,permission1203.png,0
1204,permission1204.png,0
1205,permission1205.png,0
1206,permission1206.png,0
1207,permission1207.png,0
1208,permission1208.png,0
1209,permission1209.png,0
1210,permission1210.png,0
1211,permission1211.png,0
1212,permission1212.png,0
1213,permission1213.png,0
1214,permission1214.png,0
1215,permission1215.png,0
1216,permission1216.png,0
1217,permission1217.png,0
1218,permission1218.png,0
1219,permission1219.png,0
1220,permission1220.png,0
1221,permission1221.png,0
1222,permission1222.png,0
1223,permission1223.png,0
1224,permission1224.png,0
1225,permission1225.png,0
1226,permission1226.png,0
1227,permission1227.png,0
1228,permission1228.png,0
1229,permission1229.png,0
1230,permission1230.png,0
1231,permission1231.png,0
1232,permission1232.png,0
1233,permission1233.png,0
1234,permission1234.png,0
1235,permission1235.png,0
1236,permission1236.png,0
1237,permission1237.png,0
1238,permission1238.png,0
1239,permission1239.png,0
1240,permission1240.png,0
1241,permission1241.png,0
1242,permission1242.png,0
1243,permission1243.png,0
1244,permission1244.png,0
1245,permission1245.png,0
1246,permission1246.png,0
1247,permission1247.png,0
1248,permission1248.png,0
1249,permission1249.png,0
1250,permission1250.png,0
1251,permission1251.png,0
1252,permission1252.png,0
1253,permission1253.png,0
1254,permission1254.png,0
1255,permission1255.png,0
1256,permission1256.png,0
1257,permission1257.png,0
1258,permission1258.png,0
1259,permission1259.png,0
1260,permission1260.png,0
1261,permission1261.png,0
1262,permission1262.png,0
1263,permission1263.png,0
1264,permission1264.png,0
1265,permission1265.png,0
1266,permission1266.png,0
1267,permission1267.png,0
1268,permission1268.png,0
1269,permission1269.png,0
1270,permission1270.png,0
1271,permission1271.png,0
1272,permission1272.png,0
1273,permission1273.png,0
1274,permission1274.png,0
1275,permission1275.png,0
1276,permission1276.png,0
1277,permission1277.png,0
1278,permission1278.png,0
1279,permission1279.png,0
1280,permission1280.png,0
1281,permission1281.png,0
1282,permission1282.png,0
1283,permission1283.png,0
1284,permission1284.png,0
1285,permission1285.png,0
1286,permission1286.png,0
1287,permission1287.png,0
1288,permission1288.png,0
1289,permission1289.png,0
1290,permission1290.png,0
1291,permission1291.png,0
1292,permission1292.png,0
1293,permission1293.png,0
1294,permission1294.png,0
1295,permission1295.png,0
1296,permission1296.png,0
1297,permission1297.png,0
1298,permission1298.png,0
1299,permission1299.png,0
1300,permission1300.png,0
1301,permission1301.png,0
1302,permission1302.png,0
1303,permission1303.png,0
1304,permission1304.png,0
1305,permission1305.png,0
1306,permission1306.png,0
1307,permission1307.png,0
1308,permission1308.png,0
1309,permission1309.png,0
1310,permission1310.png,0
1311,permission1311.png,0
1312,permission1312.png,0
1313,permission1313.png,0
1314,permission1314.png,0
1315,permission1315.png,0
1316,permission1316.png,0
1317,permission1317.png,0
1318,permission1318.png,0
1319,permission1319.png,0
1320,permission1320.png,0
1321,permission1321.png,0
1322,permission1322.png,0
1323,permission1323.png,0
1324,permission1324.png,0
1325,permission1325.png,0
1326,permission1326.png,0
1327,permission1327.png,0
1328,permission1328.png,0
1329,permission1329.png,0
1330,permission1330.png,0
1331,permission1331.png,0
1332,permission1332.png,0
1333,permission1333.png,0
1334,permission1334.png,0
1335,permission1335.png,0
1336,permission1336.png,0
1337,permission1337.png,0
1338,permission1338.png,0
1339,permission1339.png,0
1340,permission1340.png,0
1341,permission1341.png,0
1342,permission1342.png,0
1343,permission1343.png,0
1344,permission1344.png,0
1345,permission1345.png,0
1346,permission1346.png,0
1347,permission1347.png,0
1348,permission1348.png,0
1349,permission1349.png,0
1350,permission1350.png,0
1351,permission1351.png,0
1352,permission1352.png,0
1353,permission1353.png,0
1354,permission1354.png,0
1355,permission1355.png,0
1356,permission1356.png,0
1357,permission1357.png,0
1358,permission1358.png,0
1359,permission1359.png,0
1360,permission1360.png,0
1361,permission1361.png,0
1362,permission1362.png,0
1363,permission1363.png,0
1364,permission1364.png,0
1365,permission1365.png,0
1366,permission1366.png,0
1367,permission1367.png,0
1368,permission1368.png,0
1369,permission1369.png,0
1370,permission1370.png,0
1371,permission1371.png,0
1372,permission1372.png,0
1373,permission1373.png,0
1374,permission1374.png,0
1375,permission1375.png,0
1376,permission1376.png,0
1377,permission1377.png,0
1378,permission1378.png,0
1379,permission1379.png,0
1380,permission1380.png,0
1381,permission1381.png,0
1382,permission1382.png,0
1383,permission1383.png,0
1384,permission1384.png,0
1385,permission1385.png,0
1386,permission1386.png,0
1387,permission1387.png,0
1388,permission1388.png,0
1389,permission1389.png,0
1390,permission1390.png,0
1391,permission1391.png,0
1392,permission1392.png,0
1393,permission1393.png,0
1394,permission1394.png,0
1395,permission1395.png,0
1396,permission1396.png,0
1397,permission1397.png,0
1398,permission1398.png,0
1399,permission1399.png,0
1400,permission1400.png,0
1401,permission1401.png,0
1402,permission1402.png,0
1403,permission1403.png,0
1404,permission1404.png,0
1405,permission1405.png,0
1406,permission1406.png,0
1407,permission1407.png,0
1408,permission1408.png,0
1409,permission1409.png,0
1410,permission1410.png,0
1411,permission1411.png,0
1412,permission1412.png,0
1413,permission1413.png,0
1414,permission1414.png,0
1415,permission1415.png,0
1416,permission1416.png,0
1417,permission1417.png,0
1418,permission1418.png,0
1419,permission1419.png,0
1420,permission1420.png,0
1421,permission1421.png,0
1422,permission1422.png,0
1423,permission1423.png,0
1424,permission1424.png,0
1425,permission1425.png,0
1426,permission1426.png,0
1427,permission1427.png,0
1428,permission1428.png,0
1429,permission1429.png,0
1430,permission1430.png,0
1431,permission1431.png,0
1432,permission1432.png,0
1433,permission1433.png,0
1434,permission1434.png,0
1435,permission1435.png,0
1436,permission1436.png,0
1437,permission1437.png,0
1438,permission1438.png,0
1439,permission1439.png,0
1440,permission1440.png,0
1441,permission1441.png,0
1442,permission1442.png,0
1443,permission1443.png,0
1444,permission1444.png,0
1445,permission1445.png,0
1446,permission1446.png,0
1447,permission1447.png,0
1448,permission1448.png,0
1449,permission1449.png,0
1450,permission1450.png,0
1451,permission1451.png,0
1452,permission1452.png,0
1453,permission1453.png,0
1454,permission1454.png,0
1455,permission1455.png,0
1456,permission1456.png,0
1457,permission1457.png,0
1458,permission1458.png,0
1459,permission1459.png,0
1460,permission1460.png,0
1461,permission1461.png,0
1462,permission1462.png,0
1463,permission1463.png,0
1464,permission1464.png,0
1465,permission1465.png,0
1466,permission1466.png,0
1467,permission1467.png,0
1468,permission1468.png,0
1469,permission1469.png,0
1470,permission1470.png,0
1471,permission1471.png,0
1472,permission1472.png,0
1473,permission1473.png,0
1474,permission1474.png,0
1475,permission1475.png,0
1476,permission1476.png,0
1477,permission1477.png,0
1478,permission1478.png,0
1479,permission1479.png,0
1480,permission1480.png,0
1481,permission1481.png,0
1482,permission1482.png,0
1483,permission1483.png,0
1484,permission1484.png,0
1485,permission1485.png,0
1486,permission1486.png,0
1487,permission1487.png,0
1488,permission1488.png,0
1489,permission1489.png,0
1490,permission1490.png,0
1491,permission1491.png,0
1492,permission1492.png,0
1493,permission1493.png,0
1494,permission1494.png,0
1495,permission1495.png,0
1496,permission1496.png,0
1497,permission1497.png,0
1498,permission1498.png,0
1499,permission1499.png,0
1500,permission1500.png,0
1501,permission1501.png,0
1502,permission1502.png,0
1503,permission1503.png,0
1504,permission1504.png,0
1505,permission1505.png,0
1506,permission1506.png,0
1507,permission1507.png,0
1508,permission1508.png,0
1509,permission1509.png,0
1510,permission1510.png,0
1511,permission1511.png,0
1512,permission1512.png,0
1513,permission1513.png,0
1514,permission1514.png,0
1515,permission1515.png,0
1516,permission1516.png,0
1517,permission1517.png,0
1518,permission1518.png,0
1519,permission1519.png,0
1520,permission1520.png,0
1521,permission1521.png,0
1522,permission1522.png,0
1523,permission1523.png,0
1524,permission1524.png,0
1525,permission1525.png,0
1526,permission1526.png,0
1527,permission1527.png,0
1528,permission1528.png,0
1529,permission1529.png,0
1530,permission1530.png,0
1531,permission1531.png,0
1532,permission1532.png,0
1533,permission1533.png,0
1534,permission1534.png,0
1535,permission1535.png,0
1536,permission1536.png,0
1537,permission1537.png,0
1538,permission1538.png,0
1539,permission1539.png,0
1540,permission1540.png,0
1541,permission1541.png,0
1542,permission1542.png,0
1543,permission1543.png,0
1544,permission1544.png,0
1545,permission1545.png,0
1546,permission1546.png,0
1547,permission1547.png,0
1548,permission1548.png,0
1549,permission1549.png,0
1550,permission1550.png,0
1551,permission1551.png,0
1552,permission1552.png,0
1553,permission1553.png,0
1554,permission1554.png,0
1555,permission1555.png,0
1556,permission1556.png,0
1557,permission1557.png,0
1558,permission1558.png,0
1559,permission1559.png,0
1560,permission1560.png,0
1561,permission1561.png,0
1562,permission1562.png,0
1563,permission1563.png,0
1564,permission1564.png,0
1565,permission1565.png,0
1566,permission1566.png,0
1567,permission1567.png,0
1568,permission1568.png,0
1569,permission1569.png,0
1570,permission1570.png,0
1571,permission1571.png,0
1572,permission1572.png,0
1573,permission1573.png,0
1574,permission1574.png,0
1575,permission1575.png,0
1576,permission1576.png,0
1577,permission1577.png,0
1578,permission1578.png,0
1579,permission1579.png,0
1580,permission1580.png,0
1581,permission1581.png,0
1582,permission1582.png,0
1583,permission1583.png,0
1584,permission1584.png,0
1585,permission1585.png,0
1586,permission1586.png,0
1587,permission1587.png,0
1588,permission1588.png,0
1589,permission1589.png,0
1590,permission1590.png,0
1591,permission1591.png,0
1592,permission1592.png,0
1593,permission1593.png,0
1594,permission1594.png,0
1595,permission1595.png,0
1596,permission1596.png,0
1597,permission1597.png,0
1598,permission1598.png,0
1599,permission1599.png,0
1600,permission1600.png,0
1601,permission1601.png,0
1602,permission1602.png,0
1603,permission1603.png,0
1604,permission1604.png,0
1605,permission1605.png,0
1606,permission1606.png,0
1607,permission1607.png,0
1608,permission1608.png,0
1609,permission1609.png,0
1610,permission1610.png,0
1611,permission1611.png,0
1612,permission1612.png,0
1613,permission1613.png,0
1614,permission1614.png,0
1615,permission1615.png,0
1616,permission1616.png,0
1617,permission1617.png,0
1618,permission1618.png,0
1619,permission1619.png,0
1620,permission1620.png,0
1621,permission1621.png,0
1622,permission1622.png,0
1623,permission1623.png,0
1624,permission1624.png,0
1625,permission1625.png,0
1626,permission1626.png,0
1627,permission1627.png,0
1628,permission1628.png,0
1629,permission1629.png,0
1630,permission1630.png,0
1631,permission1631.png,0
1632,permission1632.png,0
1633,permission1633.png,0
1634,permission1634.png,0
1635,permission1635.png,0
1636,permission1636.png,0
1637,permission1637.png,0
1638,permission1638.png,0
1639,permission1639.png,0
1640,permission1640.png,0
1641,permission1641.png,0
1642,permission1642.png,0
1643,permission1643.png,0
1644,permission1644.png,0
1645,permission1645.png,0
1646,permission1646.png,0
1647,permission1647.png,0
1648,permission1648.png,0
1649,permission1649.png,0
1650,permission1650.png,0
1651,permission1651.png,0
1652,permission1652.png,0
1653,permission1653.png,0
1654,permission1654.png,0
1655,permission1655.png,0
1656,permission1656.png,0
1657,permission1657.png,0
1658,permission1658.png,0
1659,permission1659.png,0
1660,permission1660.png,0
1661,permission1661.png,0
1662,permission1662.png,0
1663,permission1663.png,0
1664,permission1664.png,0
1665,permission1665.png,0
1666,permission1666.png,0
1667,permission1667.png,0
1668,permission1668.png,0
1669,permission1669.png,0
1670,permission1670.png,0
1671,permission1671.png,0
1672,permission1672.png,0
1673,permission1673.png,0
1674,permission1674.png,0
1675,permission1675.png,0
1676,permission1676.png,0
1677,permission1677.png,0
1678,permission1678.png,0
1679,permission1679.png,0
1680,permission1680.png,0
1681,permission1681.png,0
1682,permission1682.png,0
1683,permission1683.png,0
1684,permission1684.png,0
1685,permission1685.png,0
1686,permission1686.png,0
1687,permission1687.png,0
1688,permission1688.png,0
1689,permission1689.png,0
1690,permission1690.png,0
1691,permission1691.png,0
1692,permission1692.png,0
1693,permission1693.png,0
1694,permission1694.png,0
1695,permission1695.png,0
1696,permission1696.png,0
1697,permission1697.png,0
1698,permission1698.png,0
1699,permission1699.png,0
1700,permission1700.png,0
1701,permission1701.png,0
1702,permission1702.png,0
1703,permission1703.png,0
1704,permission1704.png,0
1705,permission1705.png,0
1706,permission1706.png,0
1707,permission1707.png,0
1708,permission1708.png,0
1709,permission1709.png,0
1710,permission1710.png,0
1711,permission1711.png,0
1712,permission1712.png,0
1713,permission1713.png,0
1714,permission1714.png,0
1715,permission1715.png,0
1716,permission1716.png,0
1717,permission1717.png,0
1718,permission1718.png,0
1719,permission1719.png,0
1720,permission1720.png,0
1721,permission1721.png,0
1722,permission1722.png,0
1723,permission1723.png,0
1724,permission1724.png,0
1725,permission1725.png,0
1726,permission1726.png,0
1727,permission1727.png,0
1728,permission1728.png,0
1729,permission1729.png,0
1730,permission1730.png,0
1731,permission1731.png,0
1732,permission1732.png,0
1733,permission1733.png,0
1734,permission1734.png,0
1735,permission1735.png,0
1736,permission1736.png,0
1737,permission1737.png,0
1738,permission1738.png,0
1739,permission1739.png,0
1740,permission1740.png,0
1741,permission1741.png,0
1742,permission1742.png,0
1743,permission1743.png,0
1744,permission1744.png,0
1745,permission1745.png,0
1746,permission1746.png,0
1747,permission1747.png,0
1748,permission1748.png,0
1749,permission1749.png,0
1750,permission1750.png,0
1751,permission1751.png,0
1752,permission1752.png,0
1753,permission1753.png,0
1754,permission1754.png,0
1755,permission1755.png,0
1756,permission1756.png,0
1757,permission1757.png,0
1758,permission1758.png,0
1759,permission1759.png,0
1760,permission1760.png,0
1761,permission1761.png,0
1762,permission1762.png,0
1763,permission1763.png,0
1764,permission1764.png,0
1765,permission1765.png,0
1766,permission1766.png,0
1767,permission1767.png,0
1768,permission1768.png,0
1769,permission1769.png,0
1770,permission1770.png,0
1771,permission1771.png,0
1772,permission1772.png,0
1773,permission1773.png,0
1774,permission1774.png,0
1775,permission1775.png,0
1776,permission1776.png,0
1777,permission1777.png,0
1778,permission1778.png,0
1779,permission1779.png,0
1780,permission1780.png,0
1781,permission1781.png,0
1782,permission1782.png,0
1783,permission1783.png,0
1784,permission1784.png,0
1785,permission1785.png,0
1786,permission1786.png,0
1787,permission1787.png,0
1788,permission1788.png,0
1789,permission1789.png,0
1790,permission1790.png,0
1791,permission1791.png,0
1792,permission1792.png,0
1793,permission1793.png,0
1794,permission1794.png,0
1795,permission1795.png,0
1796,permission1796.png,0
1797,permission1797.png,0
1798,permission1798.png,0
1799,permission1799.png,0
1800,permission1800.png,0
1801,permission1801.png,0
1802,permission1802.png,0
1803,permission1803.png,0
1804,permission1804.png,0
1805,permission1805.png,0
1806,permission1806.png,0
1807,permission1807.png,0
1808,permission1808.png,0
1809,permission1809.png,0
1810,permission1810.png,0
1811,permission1811.png,0
1812,permission1812.png,0
1813,permission1813.png,0
1814,permission1814.png,0
1815,permission1815.png,0
1816,permission1816.png,0
1817,permission1817.png,0
1818,permission1818.png,0
1819,permission1819.png,0
1820,permission1820.png,0
1821,permission1821.png,0
1822,permission1822.png,0
1823,permission1823.png,0
1824,permission1824.png,0
1825,permission1825.png,0
1826,permission1826.png,0
1827,permission1827.png,0
1828,permission1828.png,0
1829,permission1829.png,0
1830,permission1830.png,0
1831,permission1831.png,0
1832,permission1832.png,0
1833,permission1833.png,0
1834,permission1834.png,0
1835,permission1835.png,0
1836,permission1836.png,0
1837,permission1837.png,0
1838,permission1838.png,0
1839,permission1839.png,0
1840,permission1840.png,0
1841,permission1841.png,0
1842,permission1842.png,0
1843,permission1843.png,0
1844,permission1844.png,0
1845,permission1845.png,0
1846,permission1846.png,0
1847,permission1847.png,0
1848,permission1848.png,0
1849,permission1849.png,0
1850,permission1850.png,0
1851,permission1851.png,0
1852,permission1852.png,0
1853,permission1853.png,0
1854,permission1854.png,0
1855,permission1855.png,0
1856,permission1856.png,0
1857,permission1857.png,0
1858,permission1858.png,0
1859,permission1859.png,0
1860,permission1860.png,0
1861,permission1861.png,0
1862,permission1862.png,0
1863,permission1863.png,0
1864,permission1864.png,0
1865,permission1865.png,0
1866,permission1866.png,0
1867,permission1867.png,0
1868,permission1868.png,0
1869,permission1869.png,0
1870,permission1870.png,0
1871,permission1871.png,0
1872,permission1872.png,0
1873,permission1873.png,0
1874,permission1874.png,0
1875,permission1875.png,0
1876,permission1876.png,0
1877,permission1877.png,0
1878,permission1878.png,0
1879,permission1879.png,0
1880,permission1880.png,0
1881,permission1881.png,0
1882,permission1882.png,0
1883,permission1883.png,0
1884,permission1884.png,0
1885,permission1885.png,0
1886,permission1886.png,0
1887,permission1887.png,0
1888,permission1888.png,0
1889,permission1889.png,0
1890,permission1890.png,0
1891,permission1891.png,0
1892,permission1892.png,0
1893,permission1893.png,0
1894,permission1894.png,0
1895,permission1895.png,0
1896,permission1896.png,0
1897,permission1897.png,0
1898,permission1898.png,0
1899,permission1899.png,0
1900,permission1900.png,0
1901,permission1901.png,0
1902,permission1902.png,0
1903,permission1903.png,0
1904,permission1904.png,0
1905,permission1905.png,0
1906,permission1906.png,0
1907,permission1907.png,0
1908,permission1908.png,0
1909,permission1909.png,0
1910,permission1910.png,0
1911,permission1911.png,0
1912,permission1912.png,0
1913,permission1913.png,0
1914,permission1914.png,0
1915,permission1915.png,0
1916,permission1916.png,0
1917,permission1917.png,0
1918,permission1918.png,0
1919,permission1919.png,0
1920,permission1920.png,0
1921,permission1921.png,0
1922,permission1922.png,0
1923,permission1923.png,0
1924,permission1924.png,0
1925,permission1925.png,0
1926,permission1926.png,0
1927,permission1927.png,0
1928,permission1928.png,0
1929,permission1929.png,0
1930,permission1930.png,0
1931,permission1931.png,0
1932,permission1932.png,0
1933,permission1933.png,0
1934,permission1934.png,0
1935,permission1935.png,0
1936,permission1936.png,0
1937,permission1937.png,0
1938,permission1938.png,0
1939,permission1939.png,0
1940,permission1940.png,0
1941,permission1941.png,0
1942,permission1942.png,0
1943,permission1943.png,0
1944,permission1944.png,0
1945,permission1945.png,0
1946,permission1946.png,0
1947,permission1947.png,0
1948,permission1948.png,0
1949,permission1949.png,0
1950,permission1950.png,0
1951,permission1951.png,0
1952,permission1952.png,0
1953,permission1953.png,0
1954,permission1954.png,0
1955,permission1955.png,0
1956,permission1956.png,0
1957,permission1957.png,0
1958,permission1958.png,0
1959,permission1959.png,0
1960,permission1960.png,0
1961,permission1961.png,0
1962,permission1962.png,0
1963,permission1963.png,0
1964,permission1964.png,0
1965,permission1965.png,0
1966,permission1966.png,0
1967,permission1967.png,0
1968,permission1968.png,0
1969,permission1969.png,0
1970,permission1970.png,0
1971,permission1971.png,0
1972,permission1972.png,0
1973,permission1973.png,0
1974,permission1974.png,0
1975,permission1975.png,0
1976,permission1976.png,0
1977,permission1977.png,0
1978,permission1978.png,0
1979,permission1979.png,0
1980,permission1980.png,0
1981,permission1981.png,0
1982,permission1982.png,0
1983,permission1983.png,0
1984,permission1984.png,0
1985,permission1985.png,0
1986,permission1986.png,0
1987,permission1987.png,0
1988,permission1988.png,0
1989,permission1989.png,0
1990,permission1990.png,0
1991,permission1991.png,0
1992,permission1992.png,0
1993,permission1993.png,0
1994,permission1994.png,0
1995,permission1995.png,0
1996,permission1996.png,0
1997,permission1997.png,0
1998,permission1998.png,0
1999,permission1999.png,0
2000,permission2000.png,0
2001,permission2001.png,0
2002,permission2002.png,0
2003,permission2003.png,0
2004,permission2004.png,0
2005,permission2005.png,0
2006,permission2006.png,0
2007,permission2007.png,0
2008,permission2008.png,0
2009,permission2009.png,0
2010,permission2010.png,0
2011,permission2011.png,0
2012,permission2012.png,0
2013,permission2013.png,0
2014,permission2014.png,0
2015,permission2015.png,0
2016,permission2016.png,0
2017,permission2017.png,0
2018,permission2018.png,0
2019,permission2019.png,0
2020,permission2020.png,0
2021,permission2021.png,0
2022,permission2022.png,0
2023,permission2023.png,0
2024,permission2024.png,0
2025,permission2025.png,0
2026,permission2026.png,0
2027,permission2027.png,0
2028,permission2028.png,0
2029,permission2029.png,0
2030,permission2030.png,0
2031,permission2031.png,0
2032,permission2032.png,0
2033,permission2033.png,0
2034,permission2034.png,0
2035,permission2035.png,0
2036,permission2036.png,0
2037,permission2037.png,0
2038,permission2038.png,0
2039,permission2039.png,0
2040,permission2040.png,0
2041,permission2041.png,0
2042,permission2042.png,0
2043,permission2043.png,0
2044,permission2044.png,0
2045,permission2045.png,0
2046,permission2046.png,0
2047,permission2047.png,0
2048,permission2048.png,0
2049,permission2049.png,0
2050,permission2050.png,0
2051,permission2051.png,0
2052,permission2052.png,0
2053,permission2053.png,0
2054,permission2054.png,0
2055,permission2055.png,0
2056,permission2056.png,0
2057,permission2057.png,0
2058,permission2058.png,0
2059,permission2059.png,0
2060,permission2060.png,0
2061,permission2061.png,0
2062,permission2062.png,0
2063,permission2063.png,0
2064,permission2064.png,0
2065,permission2065.png,0
2066,permission2066.png,0
2067,permission2067.png,0
2068,permission2068.png,0
2069,permission2069.png,0
2070,permission2070.png,0
2071,permission2071.png,0
2072,permission2072.png,0
2073,permission2073.png,0
2074,permission2074.png,0
2075,permission2075.png,0
2076,permission2076.png,0
2077,permission2077.png,0
2078,permission2078.png,0
2079,permission2079.png,0
2080,permission2080.png,0
2081,permission2081.png,0
2082,permission2082.png,0
2083,permission2083.png,0
2084,permission2084.png,0
2085,permission2085.png,0
2086,permission2086.png,0
2087,permission2087.png,0
2088,permission2088.png,0
2089,permission2089.png,0
2090,permission2090.png,0
2091,permission2091.png,0
2092,permission2092.png,0
2093,permission2093.png,0
2094,permission2094.png,0
2095,permission2095.png,0
2096,permission2096.png,0
2097,permission2097.png,0
2098,permission2098.png,0
2099,permission2099.png,0
2100,permission2100.png,0
2101,permission2101.png,0
2102,permission2102.png,0
2103,permission2103.png,0
2104,permission2104.png,0
2105,permission2105.png,0
2106,permission2106.png,0
2107,permission2107.png,0
2108,permission2108.png,0
2109,permission2109.png,0
2110,permission2110.png,0
2111,permission2111.png,0
2112,permission2112.png,0
2113,permission2113.png,0
2114,permission2114.png,0
2115,permission2115.png,0
2116,permission2116.png,0
2117,permission2117.png,0
2118,permission2118.png,0
2119,permission2119.png,0
2120,permission2120.png,0
2121,permission2121.png,0
2122,permission2122.png,0
2123,permission2123.png,0
2124,permission2124.png,0
2125,permission2125.png,0
2126,permission2126.png,0
2127,permission2127.png,0
2128,permission2128.png,0
2129,permission2129.png,0
2130,permission2130.png,0
2131,permission2131.png,0
2132,permission2132.png,0
2133,permission2133.png,0
2134,permission2134.png,0
2135,permission2135.png,0
2136,permission2136.png,0
2137,permission2137.png,0
2138,permission2138.png,0
2139,permission2139.png,0
2140,permission2140.png,0
2141,permission2141.png,0
2142,permission2142.png,0
2143,permission2143.png,0
2144,permission2144.png,0
2145,permission2145.png,0
2146,permission2146.png,0
2147,permission2147.png,0
2148,permission2148.png,0
2149,permission2149.png,0
2150,permission2150.png,0
2151,permission2151.png,0
2152,permission2152.png,0
2153,permission2153.png,0
2154,permission2154.png,0
2155,permission2155.png,0
2156,permission2156.png,0
2157,permission2157.png,0
2158,permission2158.png,0
2159,permission2159.png,0
2160,permission2160.png,0
2161,permission2161.png,0
2162,permission2162.png,0
2163,permission2163.png,0
2164,permission2164.png,0
2165,permission2165.png,0
2166,permission2166.png,0
2167,permission2167.png,0
2168,permission2168.png,0
2169,permission2169.png,0
2170,permission2170.png,0
2171,permission2171.png,0
2172,permission2172.png,0
2173,permission2173.png,0
2174,permission2174.png,0
2175,permission2175.png,0
2176,permission2176.png,0
2177,permission2177.png,0
2178,permission2178.png,0
2179,permission2179.png,0
2180,permission2180.png,0
2181,permission2181.png,0
2182,permission2182.png,0
2183,permission2183.png,0
2184,permission2184.png,0
2185,permission2185.png,0
2186,permission2186.png,0
2187,permission2187.png,0
2188,permission2188.png,0
2189,permission2189.png,0
2190,permission2190.png,0
2191,permission2191.png,0
2192,permission2192.png,0
2193,permission2193.png,0
2194,permission2194.png,0
2195,permission2195.png,0
2196,permission2196.png,0
2197,permission2197.png,0
2198,permission2198.png,0
2199,permission2199.png,0
2200,permission2200.png,0
2201,permission2201.png,0
2202,permission2202.png,0
2203,permission2203.png,0
2204,permission2204.png,0
2205,permission2205.png,0
2206,permission2206.png,0
2207,permission2207.png,0
2208,permission2208.png,0
2209,permission2209.png,0
2210,permission2210.png,0
2211,permission2211.png,0
2212,permission2212.png,0
2213,permission2213.png,0
2214,permission2214.png,0
2215,permission2215.png,0
2216,permission2216.png,0
2217,permission2217.png,0
2218,permission2218.png,0
2219,permission2219.png,0
2220,permission2220.png,0
2221,permission2221.png,0
2222,permission2222.png,0
2223,permission2223.png,0
2224,permission2224.png,0
2225,permission2225.png,0
2226,permission2226.png,0
2227,permission2227.png,0
2228,permission2228.png,0
2229,permission2229.png,0
2230,permission2230.png,0
2231,permission2231.png,0
2232,permission2232.png,0
2233,permission2233.png,0
2234,permission2234.png,0
2235,permission2235.png,0
2236,permission2236.png,0
2237,permission2237.png,0
2238,permission2238.png,0
2239,permission2239.png,0
2240,permission2240.png,0
2241,permission2241.png,0
2242,permission2242.png,0
2243,permission2243.png,0
2244,permission2244.png,0
2245,permission2245.png,0
2246,permission2246.png,0
2247,permission2247.png,0
2248,permission2248.png,0
2249,permission2249.png,0
2250,permission2250.png,0
2251,permission2251.png,0
2252,permission2252.png,0
2253,permission2253.png,0
2254,permission2254.png,0
2255,permission2255.png,0
2256,permission2256.png,0
2257,permission2257.png,0
2258,permission2258.png,0
2259,permission2259.png,0
2260,permission2260.png,0
2261,permission2261.png,0
2262,permission2262.png,0
2263,permission2263.png,0
2264,permission2264.png,0
2265,permission2265.png,0
2266,permission2266.png,0
2267,permission2267.png,0
2268,permission2268.png,0
2269,permission2269.png,0
2270,permission2270.png,0
2271,permission2271.png,0
2272,permission2272.png,0
2273,permission2273.png,0
2274,permission2274.png,0
2275,permission2275.png,0
2276,permission2276.png,0
2277,permission2277.png,0
