Apk,Class
permission0.png,1
permission1.png,1
permission2.png,1
permission3.png,1
permission4.png,1
permission5.png,1
permission6.png,1
permission7.png,1
permission8.png,1
permission9.png,1
permission10.png,1
permission11.png,1
permission12.png,1
permission13.png,1
permission14.png,1
permission15.png,1
permission16.png,1
permission17.png,1
permission18.png,1
permission19.png,1
permission20.png,1
permission21.png,1
permission22.png,1
permission23.png,1
permission24.png,1
permission25.png,1
permission26.png,1
permission27.png,1
permission28.png,1
permission29.png,1
permission30.png,1
permission31.png,1
permission32.png,1
permission33.png,1
permission34.png,1
permission35.png,1
permission36.png,1
permission37.png,1
permission38.png,1
permission39.png,1
permission40.png,1
permission41.png,1
permission42.png,1
permission43.png,1
permission44.png,1
permission45.png,1
permission46.png,1
permission47.png,1
permission48.png,1
permission49.png,1
permission50.png,1
permission51.png,1
permission52.png,1
permission53.png,1
permission54.png,1
permission55.png,1
permission56.png,1
permission57.png,1
permission58.png,1
permission59.png,1
permission60.png,1
permission61.png,1
permission62.png,1
permission63.png,1
permission64.png,1
permission65.png,1
permission66.png,1
permission67.png,1
permission68.png,1
permission69.png,1
permission70.png,1
permission71.png,1
permission72.png,1
permission73.png,1
permission74.png,1
permission75.png,1
permission76.png,1
permission77.png,1
permission78.png,1
permission79.png,1
permission80.png,1
permission81.png,1
permission82.png,1
permission83.png,1
permission84.png,1
permission85.png,1
permission86.png,1
permission87.png,1
permission88.png,1
permission89.png,1
permission90.png,1
permission91.png,1
permission92.png,1
permission93.png,1
permission94.png,1
permission95.png,1
permission96.png,1
permission97.png,1
permission98.png,1
permission99.png,1
permission100.png,1
permission101.png,1
permission102.png,1
permission103.png,1
permission104.png,1
permission105.png,1
permission106.png,1
permission107.png,1
permission108.png,1
permission109.png,1
permission110.png,1
permission111.png,1
permission112.png,1
permission113.png,1
permission114.png,1
permission115.png,1
permission116.png,1
permission117.png,1
permission118.png,1
permission119.png,1
permission120.png,1
permission121.png,1
permission122.png,1
permission123.png,1
permission124.png,1
permission125.png,1
permission126.png,1
permission127.png,1
permission128.png,1
permission129.png,1
permission130.png,1
permission131.png,1
permission132.png,1
permission133.png,1
permission134.png,1
permission135.png,1
permission136.png,1
permission137.png,1
permission138.png,1
permission139.png,1
permission140.png,1
permission141.png,1
permission142.png,1
permission143.png,1
permission144.png,1
permission145.png,1
permission146.png,1
permission147.png,1
permission148.png,1
permission149.png,1
permission150.png,1
permission151.png,1
permission152.png,1
permission153.png,1
permission154.png,1
permission155.png,1
permission156.png,1
permission157.png,1
permission158.png,1
permission159.png,1
permission160.png,1
permission161.png,1
permission162.png,1
permission163.png,1
permission164.png,1
permission165.png,1
permission166.png,1
permission167.png,1
permission168.png,1
permission169.png,1
permission170.png,1
permission171.png,1
permission172.png,1
permission173.png,1
permission174.png,1
permission175.png,1
permission176.png,1
permission177.png,1
permission178.png,1
permission179.png,1
permission180.png,1
permission181.png,1
permission182.png,1
permission183.png,1
permission184.png,1
permission185.png,1
permission186.png,1
permission187.png,1
permission188.png,1
permission189.png,1
permission190.png,1
permission191.png,1
permission192.png,1
permission193.png,1
permission194.png,1
permission195.png,1
permission196.png,1
permission197.png,1
permission198.png,1
permission199.png,1
permission200.png,1
permission201.png,1
permission202.png,1
permission203.png,1
permission204.png,1
permission205.png,1
permission206.png,1
permission207.png,1
permission208.png,1
permission209.png,1
permission210.png,1
permission211.png,1
permission212.png,1
permission213.png,1
permission214.png,1
permission215.png,1
permission216.png,1
permission217.png,1
permission218.png,1
permission219.png,1
permission220.png,1
permission221.png,1
permission222.png,1
permission223.png,1
permission224.png,1
permission225.png,1
permission226.png,1
permission227.png,1
permission228.png,1
permission229.png,1
permission230.png,1
permission231.png,1
permission232.png,1
permission233.png,1
permission234.png,1
permission235.png,1
permission236.png,1
permission237.png,1
permission238.png,1
permission239.png,1
permission240.png,1
permission241.png,1
permission242.png,1
permission243.png,1
permission244.png,1
permission245.png,1
permission246.png,1
permission247.png,1
permission248.png,1
permission249.png,1
permission250.png,1
permission251.png,1
permission252.png,1
permission253.png,1
permission254.png,1
permission255.png,1
permission256.png,1
permission257.png,1
permission258.png,1
permission259.png,1
permission260.png,1
permission261.png,1
permission262.png,1
permission263.png,1
permission264.png,1
permission265.png,1
permission266.png,1
permission267.png,1
permission268.png,1
permission269.png,1
permission270.png,1
permission271.png,1
permission272.png,1
permission273.png,1
permission274.png,1
permission275.png,1
permission276.png,1
permission277.png,1
permission278.png,1
permission279.png,1
permission280.png,1
permission281.png,1
permission282.png,1
permission283.png,1
permission284.png,1
permission285.png,1
permission286.png,1
permission287.png,1
permission288.png,1
permission289.png,1
permission290.png,1
permission291.png,1
permission292.png,1
permission293.png,1
permission294.png,1
permission295.png,1
permission296.png,1
permission297.png,1
permission298.png,1
permission299.png,1
permission300.png,1
permission301.png,1
permission302.png,1
permission303.png,1
permission304.png,1
permission305.png,1
permission306.png,1
permission307.png,1
permission308.png,1
permission309.png,1
permission310.png,1
permission311.png,1
permission312.png,1
permission313.png,1
permission314.png,1
permission315.png,1
permission316.png,1
permission317.png,1
permission318.png,1
permission319.png,1
permission320.png,1
permission321.png,1
permission322.png,1
permission323.png,1
permission324.png,1
permission325.png,1
permission326.png,1
permission327.png,1
permission328.png,1
permission329.png,1
permission330.png,1
permission331.png,1
permission332.png,1
permission333.png,1
permission334.png,1
permission335.png,1
permission336.png,1
permission337.png,1
permission338.png,1
permission339.png,1
permission340.png,1
permission341.png,1
permission342.png,1
permission343.png,1
permission344.png,1
permission345.png,1
permission346.png,1
permission347.png,1
permission348.png,1
permission349.png,1
permission350.png,1
permission351.png,1
permission352.png,1
permission353.png,1
permission354.png,1
permission355.png,1
permission356.png,1
permission357.png,1
permission358.png,1
permission359.png,1
permission360.png,1
permission361.png,1
permission362.png,1
permission363.png,1
permission364.png,1
permission365.png,1
permission366.png,1
permission367.png,1
permission368.png,1
permission369.png,1
permission370.png,1
permission371.png,1
permission372.png,1
permission373.png,1
permission374.png,1
permission375.png,1
permission376.png,1
permission377.png,1
permission378.png,1
permission379.png,1
permission380.png,1
permission381.png,1
permission382.png,1
permission383.png,1
permission384.png,1
permission385.png,1
permission386.png,1
permission387.png,1
permission388.png,1
permission389.png,1
permission390.png,1
permission391.png,1
permission392.png,1
permission393.png,1
permission394.png,1
permission395.png,1
permission396.png,1
permission397.png,1
permission398.png,1
permission399.png,1
permission400.png,1
permission401.png,1
permission402.png,1
permission403.png,1
permission404.png,1
permission405.png,1
permission406.png,1
permission407.png,1
permission408.png,1
permission409.png,1
permission410.png,1
permission411.png,1
permission412.png,1
permission413.png,1
permission414.png,1
permission415.png,1
permission416.png,1
permission417.png,1
permission418.png,1
permission419.png,1
permission420.png,1
permission421.png,1
permission422.png,1
permission423.png,1
permission424.png,1
permission425.png,1
permission426.png,1
permission427.png,1
permission428.png,1
permission429.png,1
permission430.png,1
permission431.png,1
permission432.png,1
permission433.png,1
permission434.png,1
permission435.png,1
permission436.png,1
permission437.png,1
permission438.png,1
permission439.png,1
permission440.png,1
permission441.png,1
permission442.png,1
permission443.png,1
permission444.png,1
permission445.png,1
permission446.png,1
permission447.png,1
permission448.png,1
permission449.png,1
permission450.png,1
permission451.png,1
permission452.png,1
permission453.png,1
permission454.png,1
permission455.png,1
permission456.png,1
permission457.png,1
permission458.png,1
permission459.png,1
permission460.png,1
permission461.png,1
permission462.png,1
permission463.png,1
permission464.png,1
permission465.png,1
permission466.png,1
permission467.png,1
permission468.png,1
permission469.png,1
permission470.png,1
permission471.png,1
permission472.png,1
permission473.png,1
permission474.png,1
permission475.png,1
permission476.png,1
permission477.png,1
permission478.png,1
permission479.png,1
permission480.png,1
permission481.png,1
permission482.png,1
permission483.png,1
permission484.png,1
permission485.png,1
permission486.png,1
permission487.png,1
permission488.png,1
permission489.png,1
permission490.png,1
permission491.png,1
permission492.png,1
permission493.png,1
permission494.png,1
permission495.png,1
permission496.png,1
permission497.png,1
permission498.png,0
permission499.png,0
permission500.png,0
permission501.png,0
permission502.png,0
permission503.png,0
permission504.png,0
permission505.png,0
permission506.png,0
permission507.png,0
permission508.png,0
permission509.png,0
permission510.png,0
permission511.png,0
permission512.png,0
permission513.png,0
permission514.png,0
permission515.png,0
permission516.png,0
permission517.png,0
permission518.png,0
permission519.png,0
permission520.png,0
permission521.png,0
permission522.png,0
permission523.png,0
permission524.png,0
permission525.png,0
permission526.png,0
permission527.png,0
permission528.png,0
permission529.png,0
permission530.png,0
permission531.png,0
permission532.png,0
permission533.png,0
permission534.png,0
permission535.png,0
permission536.png,0
permission537.png,0
permission538.png,0
permission539.png,0
permission540.png,0
permission541.png,0
permission542.png,0
permission543.png,0
permission544.png,0
permission545.png,0
permission546.png,0
permission547.png,0
permission548.png,0
permission549.png,0
permission550.png,0
permission551.png,0
permission552.png,0
permission553.png,0
permission554.png,0
permission555.png,0
permission556.png,0
permission557.png,0
permission558.png,0
permission559.png,0
permission560.png,0
permission561.png,0
permission562.png,0
permission563.png,0
permission564.png,0
permission565.png,0
permission566.png,0
permission567.png,0
permission568.png,0
permission569.png,0
permission570.png,0
permission571.png,0
permission572.png,0
permission573.png,0
permission574.png,0
permission575.png,0
permission576.png,0
permission577.png,0
permission578.png,0
permission579.png,0
permission580.png,0
permission581.png,0
permission582.png,0
permission583.png,0
permission584.png,0
permission585.png,0
permission586.png,0
permission587.png,0
permission588.png,0
permission589.png,0
permission590.png,0
permission591.png,0
permission592.png,0
permission593.png,0
permission594.png,0
permission595.png,0
permission596.png,0
permission597.png,0
permission598.png,0
permission599.png,0
permission600.png,0
permission601.png,0
permission602.png,0
permission603.png,0
permission604.png,0
permission605.png,0
permission606.png,0
permission607.png,0
permission608.png,0
permission609.png,0
permission610.png,0
permission611.png,0
permission612.png,0
permission613.png,0
permission614.png,0
permission615.png,0
permission616.png,0
permission617.png,0
permission618.png,0
permission619.png,0
permission620.png,0
permission621.png,0
permission622.png,0
permission623.png,0
permission624.png,0
permission625.png,0
permission626.png,0
permission627.png,0
permission628.png,0
permission629.png,0
permission630.png,0
permission631.png,0
permission632.png,0
permission633.png,0
permission634.png,0
permission635.png,0
permission636.png,0
permission637.png,0
permission638.png,0
permission639.png,0
permission640.png,0
permission641.png,0
permission642.png,0
permission643.png,0
permission644.png,0
permission645.png,0
permission646.png,0
permission647.png,0
permission648.png,0
permission649.png,0
permission650.png,0
permission651.png,0
permission652.png,0
permission653.png,0
permission654.png,0
permission655.png,0
permission656.png,0
permission657.png,0
permission658.png,0
permission659.png,0
permission660.png,0
permission661.png,0
permission662.png,0
permission663.png,0
permission664.png,0
permission665.png,0
permission666.png,0
permission667.png,0
permission668.png,0
permission669.png,0
permission670.png,0
permission671.png,0
permission672.png,0
permission673.png,0
permission674.png,0
permission675.png,0
permission676.png,0
permission677.png,0
permission678.png,0
permission679.png,0
permission680.png,0
permission681.png,0
permission682.png,0
permission683.png,0
permission684.png,0
permission685.png,0
permission686.png,0
permission687.png,0
permission688.png,0
permission689.png,0
permission690.png,0
permission691.png,0
permission692.png,0
permission693.png,0
permission694.png,0
permission695.png,0
permission696.png,0
permission697.png,0
permission698.png,0
permission699.png,0
permission700.png,0
permission701.png,0
permission702.png,0
permission703.png,0
permission704.png,0
permission705.png,0
permission706.png,0
permission707.png,0
permission708.png,0
permission709.png,0
permission710.png,0
permission711.png,0
permission712.png,0
permission713.png,0
permission714.png,0
permission715.png,0
permission716.png,0
permission717.png,0
permission718.png,0
permission719.png,0
permission720.png,0
permission721.png,0
permission722.png,0
permission723.png,0
permission724.png,0
permission725.png,0
permission726.png,0
permission727.png,0
permission728.png,0
permission729.png,0
permission730.png,0
permission731.png,0
permission732.png,0
permission733.png,0
permission734.png,0
permission735.png,0
permission736.png,0
permission737.png,0
permission738.png,0
permission739.png,0
permission740.png,0
permission741.png,0
permission742.png,0
permission743.png,0
permission744.png,0
permission745.png,0
permission746.png,0
permission747.png,0
permission748.png,0
permission749.png,0
permission750.png,0
permission751.png,0
permission752.png,0
permission753.png,0
permission754.png,0
permission755.png,0
permission756.png,0
permission757.png,0
permission758.png,0
permission759.png,0
permission760.png,0
permission761.png,0
permission762.png,0
permission763.png,0
permission764.png,0
permission765.png,0
permission766.png,0
permission767.png,0
permission768.png,0
permission769.png,0
permission770.png,0
permission771.png,0
permission772.png,0
permission773.png,0
permission774.png,0
permission775.png,0
permission776.png,0
permission777.png,0
permission778.png,0
permission779.png,0
permission780.png,0
permission781.png,0
permission782.png,0
permission783.png,0
permission784.png,0
permission785.png,0
permission786.png,0
permission787.png,0
permission788.png,0
permission789.png,0
permission790.png,0
permission791.png,0
permission792.png,0
permission793.png,0
permission794.png,0
permission795.png,0
permission796.png,0
permission797.png,0
permission798.png,0
permission799.png,0
permission800.png,0
permission801.png,0
permission802.png,0
permission803.png,0
permission804.png,0
permission805.png,0
permission806.png,0
permission807.png,0
permission808.png,0
permission809.png,0
permission810.png,0
permission811.png,0
permission812.png,0
permission813.png,0
permission814.png,0
permission815.png,0
permission816.png,0
permission817.png,0
permission818.png,0
permission819.png,0
permission820.png,0
permission821.png,0
permission822.png,0
permission823.png,0
permission824.png,0
permission825.png,0
permission826.png,0
permission827.png,0
permission828.png,0
permission829.png,0
permission830.png,0
permission831.png,0
permission832.png,0
permission833.png,0
permission834.png,0
permission835.png,0
permission836.png,0
permission837.png,0
permission838.png,0
permission839.png,0
permission840.png,0
permission841.png,0
permission842.png,0
permission843.png,0
permission844.png,0
permission845.png,0
permission846.png,0
permission847.png,0
permission848.png,0
permission849.png,0
permission850.png,0
permission851.png,0
permission852.png,0
permission853.png,0
permission854.png,0
permission855.png,0
permission856.png,0
permission857.png,0
permission858.png,0
permission859.png,0
permission860.png,0
permission861.png,0
permission862.png,0
permission863.png,0
permission864.png,0
permission865.png,0
permission866.png,0
permission867.png,0
permission868.png,0
permission869.png,0
permission870.png,0
permission871.png,0
permission872.png,0
permission873.png,0
permission874.png,0
permission875.png,0
permission876.png,0
permission877.png,0
permission878.png,0
permission879.png,0
permission880.png,0
permission881.png,0
permission882.png,0
permission883.png,0
permission884.png,0
permission885.png,0
permission886.png,0
permission887.png,0
permission888.png,0
permission889.png,0
permission890.png,0
permission891.png,0
permission892.png,0
permission893.png,0
permission894.png,0
permission895.png,0
permission896.png,0
permission897.png,0
permission898.png,0
permission899.png,0
permission900.png,0
permission901.png,0
permission902.png,0
permission903.png,0
permission904.png,0
permission905.png,0
permission906.png,0
permission907.png,0
permission908.png,0
permission909.png,0
permission910.png,0
permission911.png,0
permission912.png,0
permission913.png,0
permission914.png,0
permission915.png,0
permission916.png,0
permission917.png,0
permission918.png,0
permission919.png,0
permission920.png,0
permission921.png,0
permission922.png,0
permission923.png,0
permission924.png,0
permission925.png,0
permission926.png,0
permission927.png,0
permission928.png,0
permission929.png,0
permission930.png,0
permission931.png,0
permission932.png,0
permission933.png,0
permission934.png,0
permission935.png,0
permission936.png,0
permission937.png,0
permission938.png,0
permission939.png,0
permission940.png,0
permission941.png,0
permission942.png,0
permission943.png,0
permission944.png,0
permission945.png,0
permission946.png,0
permission947.png,0
permission948.png,0
permission949.png,0
permission950.png,0
permission951.png,0
permission952.png,0
permission953.png,0
permission954.png,0
permission955.png,0
permission956.png,0
permission957.png,0
permission958.png,0
permission959.png,0
permission960.png,0
permission961.png,0
permission962.png,0
permission963.png,0
permission964.png,0
permission965.png,0
permission966.png,0
permission967.png,0
permission968.png,0
permission969.png,0
permission970.png,0
permission971.png,0
permission972.png,0
permission973.png,0
permission974.png,0
permission975.png,0
permission976.png,0
permission977.png,0
permission978.png,0
permission979.png,0
permission980.png,0
permission981.png,0
permission982.png,0
permission983.png,0
permission984.png,0
permission985.png,0
permission986.png,0
permission987.png,0
permission988.png,0
permission989.png,0
permission990.png,0
permission991.png,0
permission992.png,0
permission993.png,0
permission994.png,0
permission995.png,0
permission996.png,0
permission997.png,0
permission998.png,0
permission999.png,0
permission1000.png,0
permission1001.png,0
permission1002.png,0
permission1003.png,0
permission1004.png,0
permission1005.png,0
permission1006.png,0
permission1007.png,0
permission1008.png,0
permission1009.png,0
permission1010.png,0
permission1011.png,0
permission1012.png,0
permission1013.png,0
permission1014.png,0
permission1015.png,0
permission1016.png,0
permission1017.png,0
permission1018.png,0
permission1019.png,0
permission1020.png,0
permission1021.png,0
permission1022.png,0
permission1023.png,0
permission1024.png,0
permission1025.png,0
permission1026.png,0
permission1027.png,0
permission1028.png,0
permission1029.png,0
permission1030.png,0
permission1031.png,0
permission1032.png,0
permission1033.png,0
permission1034.png,0
permission1035.png,0
permission1036.png,0
permission1037.png,0
permission1038.png,0
permission1039.png,0
permission1040.png,0
permission1041.png,0
permission1042.png,0
permission1043.png,0
permission1044.png,0
permission1045.png,0
permission1046.png,0
permission1047.png,0
permission1048.png,0
permission1049.png,0
permission1050.png,0
permission1051.png,0
permission1052.png,0
permission1053.png,0
permission1054.png,0
permission1055.png,0
permission1056.png,0
permission1057.png,0
permission1058.png,0
permission1059.png,0
permission1060.png,0
permission1061.png,0
permission1062.png,0
permission1063.png,0
permission1064.png,0
permission1065.png,0
permission1066.png,0
permission1067.png,0
permission1068.png,0
permission1069.png,0
permission1070.png,0
permission1071.png,0
permission1072.png,0
permission1073.png,0
permission1074.png,0
permission1075.png,0
permission1076.png,0
permission1077.png,0
permission1078.png,0
permission1079.png,0
permission1080.png,0
permission1081.png,0
permission1082.png,0
permission1083.png,0
permission1084.png,0
permission1085.png,0
permission1086.png,0
permission1087.png,0
permission1088.png,0
permission1089.png,0
permission1090.png,0
permission1091.png,0
permission1092.png,0
permission1093.png,0
permission1094.png,0
permission1095.png,0
permission1096.png,0
permission1097.png,0
permission1098.png,0
permission1099.png,0
permission1100.png,0
permission1101.png,0
permission1102.png,0
permission1103.png,0
permission1104.png,0
permission1105.png,0
permission1106.png,0
permission1107.png,0
permission1108.png,0
permission1109.png,0
permission1110.png,0
permission1111.png,0
permission1112.png,0
permission1113.png,0
permission1114.png,0
permission1115.png,0
permission1116.png,0
permission1117.png,0
permission1118.png,0
permission1119.png,0
permission1120.png,0
permission1121.png,0
permission1122.png,0
permission1123.png,0
permission1124.png,0
permission1125.png,0
permission1126.png,0
permission1127.png,0
permission1128.png,0
permission1129.png,0
permission1130.png,0
permission1131.png,0
permission1132.png,0
permission1133.png,0
permission1134.png,0
permission1135.png,0
permission1136.png,0
permission1137.png,0
permission1138.png,0
permission1139.png,0
permission1140.png,0
permission1141.png,0
permission1142.png,0
permission1143.png,0
permission1144.png,0
permission1145.png,0
permission1146.png,0
permission1147.png,0
permission1148.png,0
permission1149.png,0
permission1150.png,0
permission1151.png,0
permission1152.png,0
permission1153.png,0
permission1154.png,0
permission1155.png,0
permission1156.png,0
permission1157.png,0
permission1158.png,0
permission1159.png,0
permission1160.png,0
permission1161.png,0
permission1162.png,0
permission1163.png,0
permission1164.png,0
permission1165.png,0
permission1166.png,0
permission1167.png,0
permission1168.png,0
permission1169.png,0
permission1170.png,0
permission1171.png,0
permission1172.png,0
permission1173.png,0
permission1174.png,0
permission1175.png,0
permission1176.png,0
permission1177.png,0
permission1178.png,0
permission1179.png,0
permission1180.png,0
permission1181.png,0
permission1182.png,0
permission1183.png,0
permission1184.png,0
permission1185.png,0
permission1186.png,0
permission1187.png,0
permission1188.png,0
permission1189.png,0
permission1190.png,0
permission1191.png,0
permission1192.png,0
permission1193.png,0
permission1194.png,0
permission1195.png,0
permission1196.png,0
permission1197.png,0
permission1198.png,0
permission1199.png,0
permission1200.png,0
permission1201.png,0
permission1202.png,0
permission1203.png,0
permission1204.png,0
permission1205.png,0
permission1206.png,0
permission1207.png,0
permission1208.png,0
permission1209.png,0
permission1210.png,0
permission1211.png,0
permission1212.png,0
permission1213.png,0
permission1214.png,0
permission1215.png,0
permission1216.png,0
permission1217.png,0
permission1218.png,0
permission1219.png,0
permission1220.png,0
permission1221.png,0
permission1222.png,0
permission1223.png,0
permission1224.png,0
permission1225.png,0
permission1226.png,0
permission1227.png,0
permission1228.png,0
permission1229.png,0
permission1230.png,0
permission1231.png,0
permission1232.png,0
permission1233.png,0
permission1234.png,0
permission1235.png,0
permission1236.png,0
permission1237.png,0
permission1238.png,0
permission1239.png,0
permission1240.png,0
permission1241.png,0
permission1242.png,0
permission1243.png,0
permission1244.png,0
permission1245.png,0
permission1246.png,0
permission1247.png,0
permission1248.png,0
permission1249.png,0
permission1250.png,0
permission1251.png,0
permission1252.png,0
permission1253.png,0
permission1254.png,0
permission1255.png,0
permission1256.png,0
permission1257.png,0
permission1258.png,0
permission1259.png,0
permission1260.png,0
permission1261.png,0
permission1262.png,0
permission1263.png,0
permission1264.png,0
permission1265.png,0
permission1266.png,0
permission1267.png,0
permission1268.png,0
permission1269.png,0
permission1270.png,0
permission1271.png,0
permission1272.png,0
permission1273.png,0
permission1274.png,0
permission1275.png,0
permission1276.png,0
permission1277.png,0
permission1278.png,0
permission1279.png,0
permission1280.png,0
permission1281.png,0
permission1282.png,0
permission1283.png,0
permission1284.png,0
permission1285.png,0
permission1286.png,0
permission1287.png,0
permission1288.png,0
permission1289.png,0
permission1290.png,0
permission1291.png,0
permission1292.png,0
permission1293.png,0
permission1294.png,0
permission1295.png,0
permission1296.png,0
permission1297.png,0
permission1298.png,0
permission1299.png,0
permission1300.png,0
permission1301.png,0
permission1302.png,0
permission1303.png,0
permission1304.png,0
permission1305.png,0
permission1306.png,0
permission1307.png,0
permission1308.png,0
permission1309.png,0
permission1310.png,0
permission1311.png,0
permission1312.png,0
permission1313.png,0
permission1314.png,0
permission1315.png,0
permission1316.png,0
permission1317.png,0
permission1318.png,0
permission1319.png,0
permission1320.png,0
permission1321.png,0
permission1322.png,0
permission1323.png,0
permission1324.png,0
permission1325.png,0
permission1326.png,0
permission1327.png,0
permission1328.png,0
permission1329.png,0
permission1330.png,0
permission1331.png,0
permission1332.png,0
permission1333.png,0
permission1334.png,0
permission1335.png,0
permission1336.png,0
permission1337.png,0
permission1338.png,0
permission1339.png,0
permission1340.png,0
permission1341.png,0
permission1342.png,0
permission1343.png,0
permission1344.png,0
permission1345.png,0
permission1346.png,0
permission1347.png,0
permission1348.png,0
permission1349.png,0
permission1350.png,0
permission1351.png,0
permission1352.png,0
permission1353.png,0
permission1354.png,0
permission1355.png,0
permission1356.png,0
permission1357.png,0
permission1358.png,0
permission1359.png,0
permission1360.png,0
permission1361.png,0
permission1362.png,0
permission1363.png,0
permission1364.png,0
permission1365.png,0
permission1366.png,0
permission1367.png,0
permission1368.png,0
permission1369.png,0
permission1370.png,0
permission1371.png,0
permission1372.png,0
permission1373.png,0
permission1374.png,0
permission1375.png,0
permission1376.png,0
permission1377.png,0
permission1378.png,0
permission1379.png,0
permission1380.png,0
permission1381.png,0
permission1382.png,0
permission1383.png,0
permission1384.png,0
permission1385.png,0
permission1386.png,0
permission1387.png,0
permission1388.png,0
permission1389.png,0
permission1390.png,0
permission1391.png,0
permission1392.png,0
permission1393.png,0
permission1394.png,0
permission1395.png,0
permission1396.png,0
permission1397.png,0
permission1398.png,0
permission1399.png,0
permission1400.png,0
permission1401.png,0
permission1402.png,0
permission1403.png,0
permission1404.png,0
permission1405.png,0
permission1406.png,0
permission1407.png,0
permission1408.png,0
permission1409.png,0
permission1410.png,0
permission1411.png,0
permission1412.png,0
permission1413.png,0
permission1414.png,0
permission1415.png,0
permission1416.png,0
permission1417.png,0
permission1418.png,0
permission1419.png,0
permission1420.png,0
permission1421.png,0
permission1422.png,0
permission1423.png,0
permission1424.png,0
permission1425.png,0
permission1426.png,0
permission1427.png,0
permission1428.png,0
permission1429.png,0
permission1430.png,0
permission1431.png,0
permission1432.png,0
permission1433.png,0
permission1434.png,0
permission1435.png,0
permission1436.png,0
permission1437.png,0
permission1438.png,0
permission1439.png,0
permission1440.png,0
permission1441.png,0
permission1442.png,0
permission1443.png,0
permission1444.png,0
permission1445.png,0
permission1446.png,0
permission1447.png,0
permission1448.png,0
permission1449.png,0
permission1450.png,0
permission1451.png,0
permission1452.png,0
permission1453.png,0
permission1454.png,0
permission1455.png,0
permission1456.png,0
permission1457.png,0
permission1458.png,0
permission1459.png,0
permission1460.png,0
permission1461.png,0
permission1462.png,0
permission1463.png,0
permission1464.png,0
permission1465.png,0
permission1466.png,0
permission1467.png,0
permission1468.png,0
permission1469.png,0
permission1470.png,0
permission1471.png,0
permission1472.png,0
permission1473.png,0
permission1474.png,0
permission1475.png,0
permission1476.png,0
permission1477.png,0
permission1478.png,0
permission1479.png,0
permission1480.png,0
permission1481.png,0
permission1482.png,0
permission1483.png,0
permission1484.png,0
permission1485.png,0
permission1486.png,0
permission1487.png,0
permission1488.png,0
permission1489.png,0
permission1490.png,0
permission1491.png,0
permission1492.png,0
permission1493.png,0
permission1494.png,0
permission1495.png,0
permission1496.png,0
permission1497.png,0
permission1498.png,0
permission1499.png,0
permission1500.png,0
permission1501.png,0
permission1502.png,0
permission1503.png,0
permission1504.png,0
permission1505.png,0
permission1506.png,0
permission1507.png,0
permission1508.png,0
permission1509.png,0
permission1510.png,0
permission1511.png,0
permission1512.png,0
permission1513.png,0
permission1514.png,0
permission1515.png,0
permission1516.png,0
permission1517.png,0
permission1518.png,0
permission1519.png,0
permission1520.png,0
permission1521.png,0
permission1522.png,0
permission1523.png,0
permission1524.png,0
permission1525.png,0
permission1526.png,0
permission1527.png,0
permission1528.png,0
permission1529.png,0
permission1530.png,0
permission1531.png,0
permission1532.png,0
permission1533.png,0
permission1534.png,0
permission1535.png,0
permission1536.png,0
permission1537.png,0
permission1538.png,0
permission1539.png,0
permission1540.png,0
permission1541.png,0
permission1542.png,0
permission1543.png,0
permission1544.png,0
permission1545.png,0
permission1546.png,0
permission1547.png,0
permission1548.png,0
permission1549.png,0
permission1550.png,0
permission1551.png,0
permission1552.png,0
permission1553.png,0
permission1554.png,0
permission1555.png,0
permission1556.png,0
permission1557.png,0
permission1558.png,0
permission1559.png,0
permission1560.png,0
permission1561.png,0
permission1562.png,0
permission1563.png,0
permission1564.png,0
permission1565.png,0
permission1566.png,0
permission1567.png,0
permission1568.png,0
permission1569.png,0
permission1570.png,0
permission1571.png,0
permission1572.png,0
permission1573.png,0
permission1574.png,0
permission1575.png,0
permission1576.png,0
permission1577.png,0
permission1578.png,0
permission1579.png,0
permission1580.png,0
permission1581.png,0
permission1582.png,0
permission1583.png,0
permission1584.png,0
permission1585.png,0
permission1586.png,0
permission1587.png,0
permission1588.png,0
permission1589.png,0
permission1590.png,0
permission1591.png,0
permission1592.png,0
permission1593.png,0
permission1594.png,0
permission1595.png,0
permission1596.png,0
permission1597.png,0
permission1598.png,0
permission1599.png,0
permission1600.png,0
permission1601.png,0
permission1602.png,0
permission1603.png,0
permission1604.png,0
permission1605.png,0
permission1606.png,0
permission1607.png,0
permission1608.png,0
permission1609.png,0
permission1610.png,0
permission1611.png,0
permission1612.png,0
permission1613.png,0
permission1614.png,0
permission1615.png,0
permission1616.png,0
permission1617.png,0
permission1618.png,0
permission1619.png,0
permission1620.png,0
permission1621.png,0
permission1622.png,0
permission1623.png,0
permission1624.png,0
permission1625.png,0
permission1626.png,0
permission1627.png,0
permission1628.png,0
permission1629.png,0
permission1630.png,0
permission1631.png,0
permission1632.png,0
permission1633.png,0
permission1634.png,0
permission1635.png,0
permission1636.png,0
permission1637.png,0
permission1638.png,0
permission1639.png,0
permission1640.png,0
permission1641.png,0
permission1642.png,0
permission1643.png,0
permission1644.png,0
permission1645.png,0
permission1646.png,0
permission1647.png,0
permission1648.png,0
permission1649.png,0
permission1650.png,0
permission1651.png,0
permission1652.png,0
permission1653.png,0
permission1654.png,0
permission1655.png,0
permission1656.png,0
permission1657.png,0
permission1658.png,0
permission1659.png,0
permission1660.png,0
permission1661.png,0
permission1662.png,0
permission1663.png,0
permission1664.png,0
permission1665.png,0
permission1666.png,0
permission1667.png,0
permission1668.png,0
permission1669.png,0
permission1670.png,0
permission1671.png,0
permission1672.png,0
permission1673.png,0
permission1674.png,0
permission1675.png,0
permission1676.png,0
permission1677.png,0
permission1678.png,0
permission1679.png,0
permission1680.png,0
permission1681.png,0
permission1682.png,0
permission1683.png,0
permission1684.png,0
permission1685.png,0
permission1686.png,0
permission1687.png,0
permission1688.png,0
permission1689.png,0
permission1690.png,0
permission1691.png,0
permission1692.png,0
permission1693.png,0
permission1694.png,0
permission1695.png,0
permission1696.png,0
permission1697.png,0
permission1698.png,0
permission1699.png,0
permission1700.png,0
permission1701.png,0
permission1702.png,0
permission1703.png,0
permission1704.png,0
permission1705.png,0
permission1706.png,0
permission1707.png,0
permission1708.png,0
permission1709.png,0
permission1710.png,0
permission1711.png,0
permission1712.png,0
permission1713.png,0
permission1714.png,0
permission1715.png,0
permission1716.png,0
permission1717.png,0
permission1718.png,0
permission1719.png,0
permission1720.png,0
permission1721.png,0
permission1722.png,0
permission1723.png,0
permission1724.png,0
permission1725.png,0
permission1726.png,0
permission1727.png,0
permission1728.png,0
permission1729.png,0
permission1730.png,0
permission1731.png,0
permission1732.png,0
permission1733.png,0
permission1734.png,0
permission1735.png,0
permission1736.png,0
permission1737.png,0
permission1738.png,0
permission1739.png,0
permission1740.png,0
permission1741.png,0
permission1742.png,0
permission1743.png,0
permission1744.png,0
permission1745.png,0
permission1746.png,0
permission1747.png,0
permission1748.png,0
permission1749.png,0
permission1750.png,0
permission1751.png,0
permission1752.png,0
permission1753.png,0
permission1754.png,0
permission1755.png,0
permission1756.png,0
permission1757.png,0
permission1758.png,0
permission1759.png,0
permission1760.png,0
permission1761.png,0
permission1762.png,0
permission1763.png,0
permission1764.png,0
permission1765.png,0
permission1766.png,0
permission1767.png,0
permission1768.png,0
permission1769.png,0
permission1770.png,0
permission1771.png,0
permission1772.png,0
permission1773.png,0
permission1774.png,0
permission1775.png,0
permission1776.png,0
permission1777.png,0
permission1778.png,0
permission1779.png,0
permission1780.png,0
permission1781.png,0
permission1782.png,0
permission1783.png,0
permission1784.png,0
permission1785.png,0
permission1786.png,0
permission1787.png,0
permission1788.png,0
permission1789.png,0
permission1790.png,0
permission1791.png,0
permission1792.png,0
permission1793.png,0
permission1794.png,0
permission1795.png,0
permission1796.png,0
permission1797.png,0
permission1798.png,0
permission1799.png,0
permission1800.png,0
permission1801.png,0
permission1802.png,0
permission1803.png,0
permission1804.png,0
permission1805.png,0
permission1806.png,0
permission1807.png,0
permission1808.png,0
permission1809.png,0
permission1810.png,0
permission1811.png,0
permission1812.png,0
permission1813.png,0
permission1814.png,0
permission1815.png,0
permission1816.png,0
permission1817.png,0
permission1818.png,0
permission1819.png,0
permission1820.png,0
permission1821.png,0
permission1822.png,0
permission1823.png,0
permission1824.png,0
permission1825.png,0
permission1826.png,0
permission1827.png,0
permission1828.png,0
permission1829.png,0
permission1830.png,0
permission1831.png,0
permission1832.png,0
permission1833.png,0
permission1834.png,0
permission1835.png,0
permission1836.png,0
permission1837.png,0
permission1838.png,0
permission1839.png,0
permission1840.png,0
permission1841.png,0
permission1842.png,0
permission1843.png,0
permission1844.png,0
permission1845.png,0
permission1846.png,0
permission1847.png,0
permission1848.png,0
permission1849.png,0
permission1850.png,0
permission1851.png,0
permission1852.png,0
permission1853.png,0
permission1854.png,0
permission1855.png,0
permission1856.png,0
permission1857.png,0
permission1858.png,0
permission1859.png,0
permission1860.png,0
permission1861.png,0
permission1862.png,0
permission1863.png,0
permission1864.png,0
permission1865.png,0
permission1866.png,0
permission1867.png,0
permission1868.png,0
permission1869.png,0
permission1870.png,0
permission1871.png,0
permission1872.png,0
permission1873.png,0
permission1874.png,0
permission1875.png,0
permission1876.png,0
permission1877.png,0
permission1878.png,0
permission1879.png,0
permission1880.png,0
permission1881.png,0
permission1882.png,0
permission1883.png,0
permission1884.png,0
permission1885.png,0
permission1886.png,0
permission1887.png,0
permission1888.png,0
permission1889.png,0
permission1890.png,0
permission1891.png,0
permission1892.png,0
permission1893.png,0
permission1894.png,0
permission1895.png,0
permission1896.png,0
permission1897.png,0
permission1898.png,0
permission1899.png,0
permission1900.png,0
permission1901.png,0
permission1902.png,0
permission1903.png,0
permission1904.png,0
permission1905.png,0
permission1906.png,0
permission1907.png,0
permission1908.png,0
permission1909.png,0
permission1910.png,0
permission1911.png,0
permission1912.png,0
permission1913.png,0
permission1914.png,0
permission1915.png,0
permission1916.png,0
permission1917.png,0
permission1918.png,0
permission1919.png,0
permission1920.png,0
permission1921.png,0
permission1922.png,0
permission1923.png,0
permission1924.png,0
permission1925.png,0
permission1926.png,0
permission1927.png,0
permission1928.png,0
permission1929.png,0
permission1930.png,0
permission1931.png,0
permission1932.png,0
permission1933.png,0
permission1934.png,0
permission1935.png,0
permission1936.png,0
permission1937.png,0
permission1938.png,0
permission1939.png,0
permission1940.png,0
permission1941.png,0
permission1942.png,0
permission1943.png,0
permission1944.png,0
permission1945.png,0
permission1946.png,0
permission1947.png,0
permission1948.png,0
permission1949.png,0
permission1950.png,0
permission1951.png,0
permission1952.png,0
permission1953.png,0
permission1954.png,0
permission1955.png,0
permission1956.png,0
permission1957.png,0
permission1958.png,0
permission1959.png,0
permission1960.png,0
permission1961.png,0
permission1962.png,0
permission1963.png,0
permission1964.png,0
permission1965.png,0
permission1966.png,0
permission1967.png,0
permission1968.png,0
permission1969.png,0
permission1970.png,0
permission1971.png,0
permission1972.png,0
permission1973.png,0
permission1974.png,0
permission1975.png,0
permission1976.png,0
permission1977.png,0
permission1978.png,0
permission1979.png,0
permission1980.png,0
permission1981.png,0
permission1982.png,0
permission1983.png,0
permission1984.png,0
permission1985.png,0
permission1986.png,0
permission1987.png,0
permission1988.png,0
permission1989.png,0
permission1990.png,0
permission1991.png,0
permission1992.png,0
permission1993.png,0
permission1994.png,0
permission1995.png,0
permission1996.png,0
permission1997.png,0
permission1998.png,0
permission1999.png,0
permission2000.png,0
permission2001.png,0
permission2002.png,0
permission2003.png,0
permission2004.png,0
permission2005.png,0
permission2006.png,0
permission2007.png,0
permission2008.png,0
permission2009.png,0
permission2010.png,0
permission2011.png,0
permission2012.png,0
permission2013.png,0
permission2014.png,0
permission2015.png,0
permission2016.png,0
permission2017.png,0
permission2018.png,0
permission2019.png,0
permission2020.png,0
permission2021.png,0
permission2022.png,0
permission2023.png,0
permission2024.png,0
permission2025.png,0
permission2026.png,0
permission2027.png,0
permission2028.png,0
permission2029.png,0
permission2030.png,0
permission2031.png,0
permission2032.png,0
permission2033.png,0
permission2034.png,0
permission2035.png,0
permission2036.png,0
permission2037.png,0
permission2038.png,0
permission2039.png,0
permission2040.png,0
permission2041.png,0
permission2042.png,0
permission2043.png,0
permission2044.png,0
permission2045.png,0
permission2046.png,0
permission2047.png,0
permission2048.png,0
permission2049.png,0
permission2050.png,0
permission2051.png,0
permission2052.png,0
permission2053.png,0
permission2054.png,0
permission2055.png,0
permission2056.png,0
permission2057.png,0
permission2058.png,0
permission2059.png,0
permission2060.png,0
permission2061.png,0
permission2062.png,0
permission2063.png,0
permission2064.png,0
permission2065.png,0
permission2066.png,0
permission2067.png,0
permission2068.png,0
permission2069.png,0
permission2070.png,0
permission2071.png,0
permission2072.png,0
permission2073.png,0
permission2074.png,0
permission2075.png,0
permission2076.png,0
permission2077.png,0
permission2078.png,0
permission2079.png,0
permission2080.png,0
permission2081.png,0
permission2082.png,0
permission2083.png,0
permission2084.png,0
permission2085.png,0
permission2086.png,0
permission2087.png,0
permission2088.png,0
permission2089.png,0
permission2090.png,0
permission2091.png,0
permission2092.png,0
permission2093.png,0
permission2094.png,0
permission2095.png,0
permission2096.png,0
permission2097.png,0
permission2098.png,0
permission2099.png,0
permission2100.png,0
permission2101.png,0
permission2102.png,0
permission2103.png,0
permission2104.png,0
permission2105.png,0
permission2106.png,0
permission2107.png,0
permission2108.png,0
permission2109.png,0
permission2110.png,0
permission2111.png,0
permission2112.png,0
permission2113.png,0
permission2114.png,0
permission2115.png,0
permission2116.png,0
permission2117.png,0
permission2118.png,0
permission2119.png,0
permission2120.png,0
permission2121.png,0
permission2122.png,0
permission2123.png,0
permission2124.png,0
permission2125.png,0
permission2126.png,0
permission2127.png,0
permission2128.png,0
permission2129.png,0
permission2130.png,0
permission2131.png,0
permission2132.png,0
permission2133.png,0
permission2134.png,0
permission2135.png,0
permission2136.png,0
permission2137.png,0
permission2138.png,0
permission2139.png,0
permission2140.png,0
permission2141.png,0
permission2142.png,0
permission2143.png,0
permission2144.png,0
permission2145.png,0
permission2146.png,0
permission2147.png,0
permission2148.png,0
permission2149.png,0
permission2150.png,0
permission2151.png,0
permission2152.png,0
permission2153.png,0
permission2154.png,0
permission2155.png,0
permission2156.png,0
permission2157.png,0
permission2158.png,0
permission2159.png,0
permission2160.png,0
permission2161.png,0
permission2162.png,0
permission2163.png,0
permission2164.png,0
permission2165.png,0
permission2166.png,0
permission2167.png,0
permission2168.png,0
permission2169.png,0
permission2170.png,0
permission2171.png,0
permission2172.png,0
permission2173.png,0
permission2174.png,0
permission2175.png,0
permission2176.png,0
permission2177.png,0
permission2178.png,0
permission2179.png,0
permission2180.png,0
permission2181.png,0
permission2182.png,0
permission2183.png,0
permission2184.png,0
permission2185.png,0
permission2186.png,0
permission2187.png,0
permission2188.png,0
permission2189.png,0
permission2190.png,0
permission2191.png,0
permission2192.png,0
permission2193.png,0
permission2194.png,0
permission2195.png,0
permission2196.png,0
permission2197.png,0
permission2198.png,0
permission2199.png,0
permission2200.png,0
permission2201.png,0
permission2202.png,0
permission2203.png,0
permission2204.png,0
permission2205.png,0
permission2206.png,0
permission2207.png,0
permission2208.png,0
permission2209.png,0
permission2210.png,0
permission2211.png,0
permission2212.png,0
permission2213.png,0
permission2214.png,0
permission2215.png,0
permission2216.png,0
permission2217.png,0
permission2218.png,0
permission2219.png,0
permission2220.png,0
permission2221.png,0
permission2222.png,0
permission2223.png,0
permission2224.png,0
permission2225.png,0
permission2226.png,0
permission2227.png,0
permission2228.png,0
permission2229.png,0
permission2230.png,0
permission2231.png,0
permission2232.png,0
permission2233.png,0
permission2234.png,0
permission2235.png,0
permission2236.png,0
permission2237.png,0
permission2238.png,0
permission2239.png,0
permission2240.png,0
permission2241.png,0
permission2242.png,0
permission2243.png,0
permission2244.png,0
permission2245.png,0
permission2246.png,0
permission2247.png,0
permission2248.png,0
permission2249.png,0
permission2250.png,0
permission2251.png,0
permission2252.png,0
permission2253.png,0
permission2254.png,0
permission2255.png,0
permission2256.png,0
permission2257.png,0
permission2258.png,0
permission2259.png,0
permission2260.png,0
permission2261.png,0
permission2262.png,0
permission2263.png,0
permission2264.png,0
permission2265.png,0
permission2266.png,0
permission2267.png,0
permission2268.png,0
permission2269.png,0
permission2270.png,0
permission2271.png,0
permission2272.png,0
permission2273.png,0
permission2274.png,0
permission2275.png,0
permission2276.png,0
permission2277.png,0
